insert into authority (authority_name) values ('ROLE_USER');
insert into authority (authority_name) values ('ROLE_ADMIN');
insert into authority (authority_name) values ('ROLE_MANAGER');

insert into members (email, activated, joinDate, name, nickName, password, phone)
values('weact@test.com',1,NOW(),'위엑트','단체0231','$2a$08$lDnHPz7eUkSi6ao14Twuau08mzhWrL4kyZGGU5xfiGALO/Vxd5DOi','01017412105')
    ('welcomedog@test.com',1,NOW(),'웰컴독','단체0211','$2a$08$lDnHPz7eUkSi6ao14Twuau08mzhWrL4kyZGGU5xfiGALO/Vxd5DOi','01017412105'),
('kara@test.com',1,NOW(),'카라','단체1211','$2a$08$lDnHPz7eUkSi6ao14Twuau08mzhWrL4kyZGGU5xfiGALO/Vxd5DOi','01017412105'),
('care@test.com',1,NOW(),'케어','단체4211','$2a$08$lDnHPz7eUkSi6ao14Twuau08mzhWrL4kyZGGU5xfiGALO/Vxd5DOi','01017412105');

insert into foundation (businessNo, businessName, description, presidentName, profileURL, startDate, members_email)
values
    ('1131986965','카라','카라는 다양하고 근본적인 동물권 정책 및 교육 활동 동물권 영화제 등의 적극적 전개로 모든 동물 학대 없는 세상으로 더 힘차게 나아가려 합니다.','정수옥',NULL,'2009-04-29','kara@test.com')
    ('1309160516','위엑트','위액트는 학대 당하는 개들을 구조하는 직접적인 행동을 통해 그들이 행복한 삶을 살 수 있도록 돕습니다.','이상미',NULL,'2004-03-10','weact@test.com')
('6398600952','케어','케어는 동물보호법 개정, 교육, 캠페인, 동물학대 고발, 실태조사, 인식개선, 문화 확산, 동물구호활동을 펼쳐 나가며, 구호된 동물들을 보호하는 다양한 센터를 운영하고 있습니다.','전광수',NULL,'2018-01-01','care@test.com')
('3831301490','웰컴독','웰컴독레스큐는 열악한 환경에서 구조된 식용견, 번식견들의 해외입양을 진행하는 비영리단체입니다.','정상민',NULL,'2020-09-03','welcomedog@test.com');

insert into members (email, activated, joinDate, name, nickName, password, phone)
values
    ('jCbFu1pkOH7812@test.com',1,NOW(),'육마로','마로0411','$2a$08$lDnHPz7eUkSi6ao14Twuau08mzhWrL4kyZGGU5xfiGALO/Vxd5DOi','01017412105'),
    ('kpQwXs81nm4076@test.com',1,NOW(),'은배운','배운3656','$2a$08$lDnHPz7eUkSi6ao14Twuau08mzhWrL4kyZGGU5xfiGALO/Vxd5DOi','01041803636'),
    ('5SHD2ne6Ki7828@test.com',1,NOW(),'마디월','디월3644','$2a$08$lDnHPz7eUkSi6ao14Twuau08mzhWrL4kyZGGU5xfiGALO/Vxd5DOi','01015786283'),
    ('PGg1jQxkYp4572@test.com',1,NOW(),'신새지','새지6582','$2a$08$lDnHPz7eUkSi6ao14Twuau08mzhWrL4kyZGGU5xfiGALO/Vxd5DOi','01018566524'),
    ('9Q3s41wqTT0013@test.com',1,NOW(),'양바양','바양4262','$2a$08$lDnHPz7eUkSi6ao14Twuau08mzhWrL4kyZGGU5xfiGALO/Vxd5DOi','01080064103'),
    ('5KLYWPV80N7157@test.com',1,NOW(),'손새노','새노2242','$2a$08$lDnHPz7eUkSi6ao14Twuau08mzhWrL4kyZGGU5xfiGALO/Vxd5DOi','01038722764'),
    ('0SlwLYZ1c02624@test.com',1,NOW(),'명익여','익여4025','$2a$08$lDnHPz7eUkSi6ao14Twuau08mzhWrL4kyZGGU5xfiGALO/Vxd5DOi','01025853628'),
    ('qZwoNd0O8D6074@test.com',1,NOW(),'전화섭','화섭4677','$2a$08$lDnHPz7eUkSi6ao14Twuau08mzhWrL4kyZGGU5xfiGALO/Vxd5DOi','01031631228'),
    ('pIuqxvGMUG1461@test.com',1,NOW(),'정개담','개담7423','$2a$08$lDnHPz7eUkSi6ao14Twuau08mzhWrL4kyZGGU5xfiGALO/Vxd5DOi','01045338657'),
    ('UWysxcjVQE5830@test.com',1,NOW(),'성주래','주래5601','$2a$08$lDnHPz7eUkSi6ao14Twuau08mzhWrL4kyZGGU5xfiGALO/Vxd5DOi','01041230321'),
    ('5pAPWtFXzf8648@test.com',1,NOW(),'최헌명','헌명4117','$2a$08$lDnHPz7eUkSi6ao14Twuau08mzhWrL4kyZGGU5xfiGALO/Vxd5DOi','01055220264'),
    ('3PtzApsG0W6125@test.com',1,NOW(),'탁화분','화분1316','$2a$08$lDnHPz7eUkSi6ao14Twuau08mzhWrL4kyZGGU5xfiGALO/Vxd5DOi','01006237720'),
    ('CNIlY16jpS8340@test.com',1,NOW(),'황솜형','솜형2383','$2a$08$lDnHPz7eUkSi6ao14Twuau08mzhWrL4kyZGGU5xfiGALO/Vxd5DOi','01056214466'),
    ('KLQ2z3B6WR3067@test.com',1,NOW(),'박분월','분월1652','$2a$08$lDnHPz7eUkSi6ao14Twuau08mzhWrL4kyZGGU5xfiGALO/Vxd5DOi','01053186341'),
    ('WJZv8HSTD57346@test.com',1,NOW(),'박인천','인천7037','$2a$08$lDnHPz7eUkSi6ao14Twuau08mzhWrL4kyZGGU5xfiGALO/Vxd5DOi','01085160826'),
    ('XlTlt8MZ0n5070@test.com',1,NOW(),'마백란','백란5156','$2a$08$lDnHPz7eUkSi6ao14Twuau08mzhWrL4kyZGGU5xfiGALO/Vxd5DOi','01043861076'),
    ('QxaA8w3HoL0038@test.com',1,NOW(),'현대언','대언5804','$2a$08$lDnHPz7eUkSi6ao14Twuau08mzhWrL4kyZGGU5xfiGALO/Vxd5DOi','01028265608'),
    ('UW1Jb2QuBj2836@test.com',1,NOW(),'손주안','주안0888','$2a$08$lDnHPz7eUkSi6ao14Twuau08mzhWrL4kyZGGU5xfiGALO/Vxd5DOi','01034375865'),
    ('kpXmwQxVC14374@test.com',1,NOW(),'유술디','술디3555','$2a$08$lDnHPz7eUkSi6ao14Twuau08mzhWrL4kyZGGU5xfiGALO/Vxd5DOi','01042202166'),
    ('98f7CLyiRn2787@test.com',1,NOW(),'명탐변','탐변1502','$2a$08$lDnHPz7eUkSi6ao14Twuau08mzhWrL4kyZGGU5xfiGALO/Vxd5DOi','01042748323'),
    ('N1ymogKjcI3335@test.com',1,NOW(),'마반나','반나4111','$2a$08$lDnHPz7eUkSi6ao14Twuau08mzhWrL4kyZGGU5xfiGALO/Vxd5DOi','01083838677'),
    ('oHSFRovlps1326@test.com',1,NOW(),'염리덕','리덕2516','$2a$08$lDnHPz7eUkSi6ao14Twuau08mzhWrL4kyZGGU5xfiGALO/Vxd5DOi','01080623631'),
    ('VBpf3EoqmS7125@test.com',1,NOW(),'양솔민','솔민8885','$2a$08$lDnHPz7eUkSi6ao14Twuau08mzhWrL4kyZGGU5xfiGALO/Vxd5DOi','01077757530'),
    ('VasadIw0dj6817@test.com',1,NOW(),'손걸봉','걸봉2075','$2a$08$lDnHPz7eUkSi6ao14Twuau08mzhWrL4kyZGGU5xfiGALO/Vxd5DOi','01008117421'),
    ('GHQxG4C6ci0133@test.com',1,NOW(),'송들유','들유3426','$2a$08$lDnHPz7eUkSi6ao14Twuau08mzhWrL4kyZGGU5xfiGALO/Vxd5DOi','01040283064'),
    ('WeHqcxtUfb2313@test.com',1,NOW(),'함박가','박가6577','$2a$08$lDnHPz7eUkSi6ao14Twuau08mzhWrL4kyZGGU5xfiGALO/Vxd5DOi','01063186356'),
    ('gcUfSH6TeZ7544@test.com',1,NOW(),'박곤보','곤보3112','$2a$08$lDnHPz7eUkSi6ao14Twuau08mzhWrL4kyZGGU5xfiGALO/Vxd5DOi','01061246326'),
    ('jGYL7QZcxA3168@test.com',1,NOW(),'구슬섭','슬섭5802','$2a$08$lDnHPz7eUkSi6ao14Twuau08mzhWrL4kyZGGU5xfiGALO/Vxd5DOi','01052268856'),
    ('VZcD1gHUtb7342@test.com',1,NOW(),'여항인','항인5453','$2a$08$lDnHPz7eUkSi6ao14Twuau08mzhWrL4kyZGGU5xfiGALO/Vxd5DOi','01047406136'),
    ('DIN92nIyBF6763@test.com',1,NOW(),'신원봉','원봉5622','$2a$08$lDnHPz7eUkSi6ao14Twuau08mzhWrL4kyZGGU5xfiGALO/Vxd5DOi','01070783005'),
    ('7Fv7y8PaQA4882@test.com',1,NOW(),'송예조','예조6340','$2a$08$lDnHPz7eUkSi6ao14Twuau08mzhWrL4kyZGGU5xfiGALO/Vxd5DOi','01046740571'),
    ('6IbKJqXYtY5807@test.com',1,NOW(),'마동애','동애7073','$2a$08$lDnHPz7eUkSi6ao14Twuau08mzhWrL4kyZGGU5xfiGALO/Vxd5DOi','01035834836'),
    ('odSczixE4B6383@test.com',1,NOW(),'국판심','판심4642','$2a$08$lDnHPz7eUkSi6ao14Twuau08mzhWrL4kyZGGU5xfiGALO/Vxd5DOi','01046858053'),
    ('PkMp6VhjvN4836@test.com',1,NOW(),'노월술','월술4674','$2a$08$lDnHPz7eUkSi6ao14Twuau08mzhWrL4kyZGGU5xfiGALO/Vxd5DOi','01023717776'),
    ('KVTPxtDbYH3824@test.com',1,NOW(),'신치뜸','치뜸1438','$2a$08$lDnHPz7eUkSi6ao14Twuau08mzhWrL4kyZGGU5xfiGALO/Vxd5DOi','01038522308'),
    ('roFnmWsrSY3861@test.com',1,NOW(),'어웅잎','웅잎6664','$2a$08$lDnHPz7eUkSi6ao14Twuau08mzhWrL4kyZGGU5xfiGALO/Vxd5DOi','01021720606'),
    ('lZcQZ166mM3485@test.com',1,NOW(),'인덕연','덕연1848','$2a$08$lDnHPz7eUkSi6ao14Twuau08mzhWrL4kyZGGU5xfiGALO/Vxd5DOi','01053237527'),
    ('gavdeGfF9n6532@test.com',1,NOW(),'길학송','학송5861','$2a$08$lDnHPz7eUkSi6ao14Twuau08mzhWrL4kyZGGU5xfiGALO/Vxd5DOi','01083785876'),
    ('HgRzJmYYia4405@test.com',1,NOW(),'탁령슬','령슬3237','$2a$08$lDnHPz7eUkSi6ao14Twuau08mzhWrL4kyZGGU5xfiGALO/Vxd5DOi','01052700412'),
    ('Ww0KlRnr6V0145@test.com',1,NOW(),'손혁도','혁도4681','$2a$08$lDnHPz7eUkSi6ao14Twuau08mzhWrL4kyZGGU5xfiGALO/Vxd5DOi','01087021263'),
    ('K27Yot7Ar96031@test.com',1,NOW(),'용욱새','욱새0010','$2a$08$lDnHPz7eUkSi6ao14Twuau08mzhWrL4kyZGGU5xfiGALO/Vxd5DOi','01058707632'),
    ('DqdgSBWjlD5470@test.com',1,NOW(),'권석모','석모6534','$2a$08$lDnHPz7eUkSi6ao14Twuau08mzhWrL4kyZGGU5xfiGALO/Vxd5DOi','01073563347'),
    ('6msrXefDhL5657@test.com',1,NOW(),'하주도','주도7500','$2a$08$lDnHPz7eUkSi6ao14Twuau08mzhWrL4kyZGGU5xfiGALO/Vxd5DOi','01071541115'),
    ('jQ0o75dOCj7832@test.com',1,NOW(),'용천수','천수4640','$2a$08$lDnHPz7eUkSi6ao14Twuau08mzhWrL4kyZGGU5xfiGALO/Vxd5DOi','01001514272'),
    ('HrgJS8PsOM7188@test.com',1,NOW(),'손소혜','소혜0665','$2a$08$lDnHPz7eUkSi6ao14Twuau08mzhWrL4kyZGGU5xfiGALO/Vxd5DOi','01018423000'),
    ('9060WOyPte3365@test.com',1,NOW(),'황뜸산','뜸산0004','$2a$08$lDnHPz7eUkSi6ao14Twuau08mzhWrL4kyZGGU5xfiGALO/Vxd5DOi','01013618728'),
    ('UhDe1ZBe926620@test.com',1,NOW(),'오단루','단루6476','$2a$08$lDnHPz7eUkSi6ao14Twuau08mzhWrL4kyZGGU5xfiGALO/Vxd5DOi','01000347068'),
    ('V6uQbNAeyx4806@test.com',1,NOW(),'원건진','건진2878','$2a$08$lDnHPz7eUkSi6ao14Twuau08mzhWrL4kyZGGU5xfiGALO/Vxd5DOi','01086354286'),
    ('am3OpIOcBR4663@test.com',1,NOW(),'신주추','주추2762','$2a$08$lDnHPz7eUkSi6ao14Twuau08mzhWrL4kyZGGU5xfiGALO/Vxd5DOi','01056163037'),
    ('e9cMqRXuzi5686@test.com',1,NOW(),'배서배','서배6271','$2a$08$lDnHPz7eUkSi6ao14Twuau08mzhWrL4kyZGGU5xfiGALO/Vxd5DOi','01075482450'),
    ('8upaeoeL0P1181@test.com',1,NOW(),'현새잎','새잎5756','$2a$08$lDnHPz7eUkSi6ao14Twuau08mzhWrL4kyZGGU5xfiGALO/Vxd5DOi','01078177126'),
    ('g5MKJ41qKY6184@test.com',1,NOW(),'진학누','학누6685','$2a$08$lDnHPz7eUkSi6ao14Twuau08mzhWrL4kyZGGU5xfiGALO/Vxd5DOi','01087811273'),
    ('KgRLCQJSl41715@test.com',1,NOW(),'고광시','광시3863','$2a$08$lDnHPz7eUkSi6ao14Twuau08mzhWrL4kyZGGU5xfiGALO/Vxd5DOi','01067230262'),
    ('5Rvxeu8XHG2750@test.com',1,NOW(),'유달황','달황4026','$2a$08$lDnHPz7eUkSi6ao14Twuau08mzhWrL4kyZGGU5xfiGALO/Vxd5DOi','01003785624'),
    ('f4N5uukvE05871@test.com',1,NOW(),'왕서훔','서훔7148','$2a$08$lDnHPz7eUkSi6ao14Twuau08mzhWrL4kyZGGU5xfiGALO/Vxd5DOi','01014802204'),
    ('Umic8P6A8r3831@test.com',1,NOW(),'반욱슬','욱슬0765','$2a$08$lDnHPz7eUkSi6ao14Twuau08mzhWrL4kyZGGU5xfiGALO/Vxd5DOi','01020187553'),
    ('IpXYNU2fwK7385@test.com',1,NOW(),'홍용탁','용탁4235','$2a$08$lDnHPz7eUkSi6ao14Twuau08mzhWrL4kyZGGU5xfiGALO/Vxd5DOi','01034037101'),
    ('BD6ZRHZqMq8638@test.com',1,NOW(),'공구여','구여2662','$2a$08$lDnHPz7eUkSi6ao14Twuau08mzhWrL4kyZGGU5xfiGALO/Vxd5DOi','01006758663'),
    ('lDlxVSCfDK3153@test.com',1,NOW(),'오엄악','엄악2505','$2a$08$lDnHPz7eUkSi6ao14Twuau08mzhWrL4kyZGGU5xfiGALO/Vxd5DOi','01057034247'),
    ('3vCmCvebKq3183@test.com',1,NOW(),'심흥온','흥온7631','$2a$08$lDnHPz7eUkSi6ao14Twuau08mzhWrL4kyZGGU5xfiGALO/Vxd5DOi','01051040520'),
    ('RKcAkAnn7B5166@test.com',1,NOW(),'남휘려','휘려0126','$2a$08$lDnHPz7eUkSi6ao14Twuau08mzhWrL4kyZGGU5xfiGALO/Vxd5DOi','01027111656'),
    ('ObRKOnMVOJ6127@test.com',1,NOW(),'오박려','박려6082','$2a$08$lDnHPz7eUkSi6ao14Twuau08mzhWrL4kyZGGU5xfiGALO/Vxd5DOi','01066035434'),
    ('yQ26B5IreI4207@test.com',1,NOW(),'은바엽','바엽7084','$2a$08$lDnHPz7eUkSi6ao14Twuau08mzhWrL4kyZGGU5xfiGALO/Vxd5DOi','01076756848'),
    ('MafQAdbri50277@test.com',1,NOW(),'석고춘','고춘3423','$2a$08$lDnHPz7eUkSi6ao14Twuau08mzhWrL4kyZGGU5xfiGALO/Vxd5DOi','01010631442'),
    ('5xFR4F0szI8887@test.com',1,NOW(),'용예숭','예숭4205','$2a$08$lDnHPz7eUkSi6ao14Twuau08mzhWrL4kyZGGU5xfiGALO/Vxd5DOi','01006007001'),
    ('VLIdQIcgWP8071@test.com',1,NOW(),'노소중','소중1005','$2a$08$lDnHPz7eUkSi6ao14Twuau08mzhWrL4kyZGGU5xfiGALO/Vxd5DOi','01002260148'),
    ('IQ7IHnKzuc7766@test.com',1,NOW(),'홍란배','란배8076','$2a$08$lDnHPz7eUkSi6ao14Twuau08mzhWrL4kyZGGU5xfiGALO/Vxd5DOi','01073030426'),
    ('lFOger6mht7125@test.com',1,NOW(),'나효환','효환3713','$2a$08$lDnHPz7eUkSi6ao14Twuau08mzhWrL4kyZGGU5xfiGALO/Vxd5DOi','01064867610'),
    ('gxRgjXtDim1772@test.com',1,NOW(),'백남춘','남춘2782','$2a$08$lDnHPz7eUkSi6ao14Twuau08mzhWrL4kyZGGU5xfiGALO/Vxd5DOi','01066365464'),
    ('ujN21ry7QT3305@test.com',1,NOW(),'조우재','우재8323','$2a$08$lDnHPz7eUkSi6ao14Twuau08mzhWrL4kyZGGU5xfiGALO/Vxd5DOi','01087841586'),
    ('Sed6D6dPy23166@test.com',1,NOW(),'한문정','문정4033','$2a$08$lDnHPz7eUkSi6ao14Twuau08mzhWrL4kyZGGU5xfiGALO/Vxd5DOi','01006432315'),
    ('TKBJoWHNy73875@test.com',1,NOW(),'배옥위','옥위2537','$2a$08$lDnHPz7eUkSi6ao14Twuau08mzhWrL4kyZGGU5xfiGALO/Vxd5DOi','01086241414'),
    ('IAGX87GBFZ0816@test.com',1,NOW(),'방리용','리용0426','$2a$08$lDnHPz7eUkSi6ao14Twuau08mzhWrL4kyZGGU5xfiGALO/Vxd5DOi','01040438242'),
    ('YGrD1yXUTx7366@test.com',1,NOW(),'노리충','리충2114','$2a$08$lDnHPz7eUkSi6ao14Twuau08mzhWrL4kyZGGU5xfiGALO/Vxd5DOi','01065840035'),
    ('9E8ueSOUE12884@test.com',1,NOW(),'지흔변','흔변5122','$2a$08$lDnHPz7eUkSi6ao14Twuau08mzhWrL4kyZGGU5xfiGALO/Vxd5DOi','01072155382'),
    ('D56kCBL4694875@test.com',1,NOW(),'정엽충','엽충7432','$2a$08$lDnHPz7eUkSi6ao14Twuau08mzhWrL4kyZGGU5xfiGALO/Vxd5DOi','01028882678'),
    ('U6Op9pIuqm8502@test.com',1,NOW(),'육광수','광수7734','$2a$08$lDnHPz7eUkSi6ao14Twuau08mzhWrL4kyZGGU5xfiGALO/Vxd5DOi','01052424477'),
    ('7wypmrxX4r7736@test.com',1,NOW(),'한홍란','홍란4185','$2a$08$lDnHPz7eUkSi6ao14Twuau08mzhWrL4kyZGGU5xfiGALO/Vxd5DOi','01065383558'),
    ('PYyyNb0DUZ2810@test.com',1,NOW(),'노고율','고율1224','$2a$08$lDnHPz7eUkSi6ao14Twuau08mzhWrL4kyZGGU5xfiGALO/Vxd5DOi','01005655463'),
    ('zCDrNdDoGk3273@test.com',1,NOW(),'박일흔','일흔3282','$2a$08$lDnHPz7eUkSi6ao14Twuau08mzhWrL4kyZGGU5xfiGALO/Vxd5DOi','01043083368'),
    ('6mkNGA2lsA4070@test.com',1,NOW(),'장보만','보만7507','$2a$08$lDnHPz7eUkSi6ao14Twuau08mzhWrL4kyZGGU5xfiGALO/Vxd5DOi','01080636513'),
    ('fcHrhYqvzd2684@test.com',1,NOW(),'도직뜸','직뜸7152','$2a$08$lDnHPz7eUkSi6ao14Twuau08mzhWrL4kyZGGU5xfiGALO/Vxd5DOi','01047431762'),
    ('BiWNLKFA9C0072@test.com',1,NOW(),'원타두','타두8718','$2a$08$lDnHPz7eUkSi6ao14Twuau08mzhWrL4kyZGGU5xfiGALO/Vxd5DOi','01025426646'),
    ('cH0MEVtR8V0381@test.com',1,NOW(),'천유환','유환8883','$2a$08$lDnHPz7eUkSi6ao14Twuau08mzhWrL4kyZGGU5xfiGALO/Vxd5DOi','01088537182'),
    ('lS58YgJSgl1230@test.com',1,NOW(),'김한천','한천1476','$2a$08$lDnHPz7eUkSi6ao14Twuau08mzhWrL4kyZGGU5xfiGALO/Vxd5DOi','01087604423'),
    ('y1JFLRjJSd1302@test.com',1,NOW(),'변얀섭','얀섭3660','$2a$08$lDnHPz7eUkSi6ao14Twuau08mzhWrL4kyZGGU5xfiGALO/Vxd5DOi','01070751063'),
    ('10CYKdzrNh4635@test.com',1,NOW(),'현직노','직노7012','$2a$08$lDnHPz7eUkSi6ao14Twuau08mzhWrL4kyZGGU5xfiGALO/Vxd5DOi','01068106602'),
    ('TS2aWG0TAy1688@test.com',1,NOW(),'정마상','마상3831','$2a$08$lDnHPz7eUkSi6ao14Twuau08mzhWrL4kyZGGU5xfiGALO/Vxd5DOi','01030463470'),
    ('6Kmw7rZb7S5753@test.com',1,NOW(),'지겸람','겸람2525','$2a$08$lDnHPz7eUkSi6ao14Twuau08mzhWrL4kyZGGU5xfiGALO/Vxd5DOi','01045870088'),
    ('5cs0Jqeqkc3817@test.com',1,NOW(),'연관규','관규8435','$2a$08$lDnHPz7eUkSi6ao14Twuau08mzhWrL4kyZGGU5xfiGALO/Vxd5DOi','01014461706'),
    ('mgopnC6d1q8881@test.com',1,NOW(),'모공들','공들6160','$2a$08$lDnHPz7eUkSi6ao14Twuau08mzhWrL4kyZGGU5xfiGALO/Vxd5DOi','01084135608'),
    ('T27atv8hAR3334@test.com',1,NOW(),'기더두','더두3238','$2a$08$lDnHPz7eUkSi6ao14Twuau08mzhWrL4kyZGGU5xfiGALO/Vxd5DOi','01087724551'),
    ('LNx1yvVT8u5803@test.com',1,NOW(),'황철타','철타3262','$2a$08$lDnHPz7eUkSi6ao14Twuau08mzhWrL4kyZGGU5xfiGALO/Vxd5DOi','01001807203'),
    ('mA3JRKAavd4021@test.com',1,NOW(),'용얀슬','얀슬1020','$2a$08$lDnHPz7eUkSi6ao14Twuau08mzhWrL4kyZGGU5xfiGALO/Vxd5DOi','01000125452'),
    ('tyY0bwa7Ze1240@test.com',1,NOW(),'왕전현','전현4667','$2a$08$lDnHPz7eUkSi6ao14Twuau08mzhWrL4kyZGGU5xfiGALO/Vxd5DOi','01041666021'),
    ('ekeQByBEcV5328@test.com',1,NOW(),'양술새','술새3586','$2a$08$lDnHPz7eUkSi6ao14Twuau08mzhWrL4kyZGGU5xfiGALO/Vxd5DOi','01048625422'),
    ('OC6ZNcnrGf3055@test.com',1,NOW(),'어도강','도강6451','$2a$08$lDnHPz7eUkSi6ao14Twuau08mzhWrL4kyZGGU5xfiGALO/Vxd5DOi','01003341428'),
    ('h5Ll3cFwZz2612@test.com',1,NOW(),'천울련','울련2776','$2a$08$lDnHPz7eUkSi6ao14Twuau08mzhWrL4kyZGGU5xfiGALO/Vxd5DOi','01031332567'),
    ('JU86sbbmOw6565@test.com',1,NOW(),'황의길','의길7348','$2a$08$lDnHPz7eUkSi6ao14Twuau08mzhWrL4kyZGGU5xfiGALO/Vxd5DOi','01013827335'),
    ('4S4bxjgPwL3580@test.com',1,NOW(),'편해월','해월8745','$2a$08$lDnHPz7eUkSi6ao14Twuau08mzhWrL4kyZGGU5xfiGALO/Vxd5DOi','01020072258');

insert into members_authority (members_email, authority_name)
values('jCbFu1pkOH7812@test.com','ROLE_USER'),
      ('kpQwXs81nm4076@test.com','ROLE_USER'),
      ('5SHD2ne6Ki7828@test.com','ROLE_USER'),
      ('PGg1jQxkYp4572@test.com','ROLE_USER'),
      ('9Q3s41wqTT0013@test.com','ROLE_USER'),
      ('5KLYWPV80N7157@test.com','ROLE_USER'),
      ('0SlwLYZ1c02624@test.com','ROLE_USER'),
      ('qZwoNd0O8D6074@test.com','ROLE_USER'),
      ('pIuqxvGMUG1461@test.com','ROLE_USER'),
      ('UWysxcjVQE5830@test.com','ROLE_USER'),
      ('5pAPWtFXzf8648@test.com','ROLE_USER'),
      ('3PtzApsG0W6125@test.com','ROLE_USER'),
      ('CNIlY16jpS8340@test.com','ROLE_USER'),
      ('KLQ2z3B6WR3067@test.com','ROLE_USER'),
      ('WJZv8HSTD57346@test.com','ROLE_USER'),
      ('XlTlt8MZ0n5070@test.com','ROLE_USER'),
      ('QxaA8w3HoL0038@test.com','ROLE_USER'),
      ('UW1Jb2QuBj2836@test.com','ROLE_USER'),
      ('kpXmwQxVC14374@test.com','ROLE_USER'),
      ('98f7CLyiRn2787@test.com','ROLE_USER'),
      ('N1ymogKjcI3335@test.com','ROLE_USER'),
      ('oHSFRovlps1326@test.com','ROLE_USER'),
      ('VBpf3EoqmS7125@test.com','ROLE_USER'),
      ('VasadIw0dj6817@test.com','ROLE_USER'),
      ('GHQxG4C6ci0133@test.com','ROLE_USER'),
      ('WeHqcxtUfb2313@test.com','ROLE_USER'),
      ('gcUfSH6TeZ7544@test.com','ROLE_USER'),
      ('jGYL7QZcxA3168@test.com','ROLE_USER'),
      ('VZcD1gHUtb7342@test.com','ROLE_USER'),
      ('DIN92nIyBF6763@test.com','ROLE_USER'),
      ('7Fv7y8PaQA4882@test.com','ROLE_USER'),
      ('6IbKJqXYtY5807@test.com','ROLE_USER'),
      ('odSczixE4B6383@test.com','ROLE_USER'),
      ('PkMp6VhjvN4836@test.com','ROLE_USER'),
      ('KVTPxtDbYH3824@test.com','ROLE_USER'),
      ('roFnmWsrSY3861@test.com','ROLE_USER'),
      ('lZcQZ166mM3485@test.com','ROLE_USER'),
      ('gavdeGfF9n6532@test.com','ROLE_USER'),
      ('HgRzJmYYia4405@test.com','ROLE_USER'),
      ('Ww0KlRnr6V0145@test.com','ROLE_USER'),
      ('K27Yot7Ar96031@test.com','ROLE_USER'),
      ('DqdgSBWjlD5470@test.com','ROLE_USER'),
      ('6msrXefDhL5657@test.com','ROLE_USER'),
      ('jQ0o75dOCj7832@test.com','ROLE_USER'),
      ('HrgJS8PsOM7188@test.com','ROLE_USER'),
      ('9060WOyPte3365@test.com','ROLE_USER'),
      ('UhDe1ZBe926620@test.com','ROLE_USER'),
      ('V6uQbNAeyx4806@test.com','ROLE_USER'),
      ('am3OpIOcBR4663@test.com','ROLE_USER'),
      ('e9cMqRXuzi5686@test.com','ROLE_USER'),
      ('8upaeoeL0P1181@test.com','ROLE_USER'),
      ('g5MKJ41qKY6184@test.com','ROLE_USER'),
      ('KgRLCQJSl41715@test.com','ROLE_USER'),
      ('5Rvxeu8XHG2750@test.com','ROLE_USER'),
      ('f4N5uukvE05871@test.com','ROLE_USER'),
      ('Umic8P6A8r3831@test.com','ROLE_USER'),
      ('IpXYNU2fwK7385@test.com','ROLE_USER'),
      ('BD6ZRHZqMq8638@test.com','ROLE_USER'),
      ('lDlxVSCfDK3153@test.com','ROLE_USER'),
      ('3vCmCvebKq3183@test.com','ROLE_USER'),
      ('RKcAkAnn7B5166@test.com','ROLE_USER'),
      ('ObRKOnMVOJ6127@test.com','ROLE_USER'),
      ('yQ26B5IreI4207@test.com','ROLE_USER'),
      ('MafQAdbri50277@test.com','ROLE_USER'),
      ('5xFR4F0szI8887@test.com','ROLE_USER'),
      ('VLIdQIcgWP8071@test.com','ROLE_USER'),
      ('IQ7IHnKzuc7766@test.com','ROLE_USER'),
      ('lFOger6mht7125@test.com','ROLE_USER'),
      ('gxRgjXtDim1772@test.com','ROLE_USER'),
      ('ujN21ry7QT3305@test.com','ROLE_USER'),
      ('Sed6D6dPy23166@test.com','ROLE_USER'),
      ('TKBJoWHNy73875@test.com','ROLE_USER'),
      ('IAGX87GBFZ0816@test.com','ROLE_USER'),
      ('YGrD1yXUTx7366@test.com','ROLE_USER'),
      ('9E8ueSOUE12884@test.com','ROLE_USER'),
      ('D56kCBL4694875@test.com','ROLE_USER'),
      ('U6Op9pIuqm8502@test.com','ROLE_USER'),
      ('7wypmrxX4r7736@test.com','ROLE_USER'),
      ('PYyyNb0DUZ2810@test.com','ROLE_USER'),
      ('zCDrNdDoGk3273@test.com','ROLE_USER'),
      ('6mkNGA2lsA4070@test.com','ROLE_USER'),
      ('fcHrhYqvzd2684@test.com','ROLE_USER'),
      ('BiWNLKFA9C0072@test.com','ROLE_USER'),
      ('cH0MEVtR8V0381@test.com','ROLE_USER'),
      ('lS58YgJSgl1230@test.com','ROLE_USER'),
      ('y1JFLRjJSd1302@test.com','ROLE_USER'),
      ('10CYKdzrNh4635@test.com','ROLE_USER'),
      ('TS2aWG0TAy1688@test.com','ROLE_USER'),
      ('6Kmw7rZb7S5753@test.com','ROLE_USER'),
      ('5cs0Jqeqkc3817@test.com','ROLE_USER'),
      ('mgopnC6d1q8881@test.com','ROLE_USER'),
      ('T27atv8hAR3334@test.com','ROLE_USER'),
      ('LNx1yvVT8u5803@test.com','ROLE_USER'),
      ('mA3JRKAavd4021@test.com','ROLE_USER'),
      ('tyY0bwa7Ze1240@test.com','ROLE_USER'),
      ('ekeQByBEcV5328@test.com','ROLE_USER'),
      ('OC6ZNcnrGf3055@test.com','ROLE_USER'),
      ('h5Ll3cFwZz2612@test.com','ROLE_USER'),
      ('JU86sbbmOw6565@test.com','ROLE_USER'),
      ('4S4bxjgPwL3580@test.com','ROLE_USER');

insert into volunteer (depTime, dest, flightName, flightURL, passportURL, regDate, status, foundation_businessNo, members_email, ticketNo)
values('2022-01-02 01:01:00','미국 워싱턴','Korair',NULL,NULL,NOW(),'complete','1148209801','jCbFu1pkOH7812@test.com',NULL),
      ('2022-01-09 07:25:00','미국 워싱턴','AirCanada',NULL,NULL,NOW(),'complete','2308201019','jCbFu1pkOH7812@test.com',NULL),
      ('2022-01-28 03:25:00','미국 존 F.케네디','Korair',NULL,NULL,NOW(),'complete','1148209801','jCbFu1pkOH7812@test.com',NULL),
      ('2022-01-11 12:10:00','캐나다 벤쿠버','Asiana',NULL,NULL,NOW(),'complete','2308201019','jCbFu1pkOH7812@test.com',NULL),
      ('2022-01-12 09:53:00','캐나다 벤쿠버','Asiana',NULL,NULL,NOW(),'complete','1148209801','jCbFu1pkOH7812@test.com',NULL),
      ('2022-01-12 11:34:00','미국 워싱턴','Korair',NULL,NULL,NOW(),'complete','2308201019','jCbFu1pkOH7812@test.com',NULL),
      ('2022-01-08 01:24:00','캐나다 벤쿠버','Korair',NULL,NULL,NOW(),'complete','1148209801','jCbFu1pkOH7812@test.com',NULL),
      ('2022-01-16 02:18:00','미국 존 F.케네디','AirCanada',NULL,NULL,NOW(),'complete','2308201019','jCbFu1pkOH7812@test.com',NULL),
      ('2022-01-08 08:42:00','캐나다 벤쿠버','Korair',NULL,NULL,NOW(),'complete','1148209801','kpQwXs81nm4076@test.com',NULL),
      ('2022-01-24 06:37:00','미국 워싱턴','AirCanada',NULL,NULL,NOW(),'complete','2308201019','kpQwXs81nm4076@test.com',NULL),
      ('2022-01-16 04:04:00','캐나다 벤쿠버','Asiana',NULL,NULL,NOW(),'complete','1148209801','kpQwXs81nm4076@test.com',NULL),
      ('2022-01-11 12:48:00','미국 워싱턴','AirCanada',NULL,NULL,NOW(),'complete','2308201019','kpQwXs81nm4076@test.com',NULL),
      ('2022-01-10 05:11:00','캐나다 토론토','Asiana',NULL,NULL,NOW(),'complete','1148209801','kpQwXs81nm4076@test.com',NULL),
      ('2022-01-09 12:34:00','캐나다 토론토','Asiana',NULL,NULL,NOW(),'complete','2308201019','kpQwXs81nm4076@test.com',NULL),
      ('2022-01-20 03:58:00','캐나다 벤쿠버','Korair',NULL,NULL,NOW(),'complete','1148209801','kpQwXs81nm4076@test.com',NULL),
      ('2022-01-05 10:11:00','캐나다 벤쿠버','Korair',NULL,NULL,NOW(),'complete','2308201019','kpQwXs81nm4076@test.com',NULL),
      ('2022-01-27 02:02:00','캐나다 벤쿠버','AirCanada',NULL,NULL,NOW(),'complete','1148209801','5SHD2ne6Ki7828@test.com',NULL),
      ('2022-01-25 02:43:00','캐나다 벤쿠버','Korair',NULL,NULL,NOW(),'complete','2308201019','5SHD2ne6Ki7828@test.com',NULL),
      ('2022-01-26 05:33:00','미국 존 F.케네디','Asiana',NULL,NULL,NOW(),'complete','1148209801','5SHD2ne6Ki7828@test.com',NULL),
      ('2022-01-07 02:32:00','미국 존 F.케네디','Korair',NULL,NULL,NOW(),'complete','2308201019','5SHD2ne6Ki7828@test.com',NULL),
      ('2022-01-16 06:30:00','캐나다 토론토','Asiana',NULL,NULL,NOW(),'complete','1148209801','5SHD2ne6Ki7828@test.com',NULL),
      ('2022-01-09 07:46:00','미국 워싱턴','Korair',NULL,NULL,NOW(),'complete','2308201019','5SHD2ne6Ki7828@test.com',NULL),
      ('2022-01-28 12:08:00','캐나다 벤쿠버','AirCanada',NULL,NULL,NOW(),'complete','1148209801','5SHD2ne6Ki7828@test.com',NULL),
      ('2022-01-20 01:30:00','미국 워싱턴','Korair',NULL,NULL,NOW(),'complete','2308201019','5SHD2ne6Ki7828@test.com',NULL),
      ('2022-01-10 07:09:00','미국 워싱턴','Asiana',NULL,NULL,NOW(),'complete','1148209801','PGg1jQxkYp4572@test.com',NULL),
      ('2022-01-06 05:34:00','미국 존 F.케네디','AirCanada',NULL,NULL,NOW(),'complete','2308201019','PGg1jQxkYp4572@test.com',NULL),
      ('2022-01-26 07:04:00','캐나다 벤쿠버','AirCanada',NULL,NULL,NOW(),'complete','1148209801','PGg1jQxkYp4572@test.com',NULL),
      ('2022-01-05 10:18:00','미국 존 F.케네디','Korair',NULL,NULL,NOW(),'complete','2308201019','PGg1jQxkYp4572@test.com',NULL),
      ('2022-01-26 11:23:00','미국 존 F.케네디','Asiana',NULL,NULL,NOW(),'complete','1148209801','PGg1jQxkYp4572@test.com',NULL),
      ('2022-01-12 06:41:00','캐나다 토론토','Korair',NULL,NULL,NOW(),'complete','2308201019','PGg1jQxkYp4572@test.com',NULL),
      ('2022-01-12 11:29:00','캐나다 벤쿠버','Asiana',NULL,NULL,NOW(),'complete','1148209801','PGg1jQxkYp4572@test.com',NULL),
      ('2022-01-03 06:05:00','캐나다 토론토','AirCanada',NULL,NULL,NOW(),'complete','2308201019','PGg1jQxkYp4572@test.com',NULL),
      ('2022-01-01 07:33:00','미국 존 F.케네디','AirCanada',NULL,NULL,NOW(),'complete','1148209801','9Q3s41wqTT0013@test.com',NULL),
      ('2022-01-14 08:51:00','미국 워싱턴','Asiana',NULL,NULL,NOW(),'complete','2308201019','9Q3s41wqTT0013@test.com',NULL),
      ('2022-01-25 09:14:00','캐나다 토론토','AirCanada',NULL,NULL,NOW(),'complete','1148209801','9Q3s41wqTT0013@test.com',NULL),
      ('2022-01-13 04:47:00','캐나다 토론토','Asiana',NULL,NULL,NOW(),'complete','2308201019','9Q3s41wqTT0013@test.com',NULL),
      ('2022-01-11 10:12:00','미국 워싱턴','Korair',NULL,NULL,NOW(),'complete','1148209801','9Q3s41wqTT0013@test.com',NULL),
      ('2022-01-25 07:52:00','미국 워싱턴','Asiana',NULL,NULL,NOW(),'complete','2308201019','9Q3s41wqTT0013@test.com',NULL),
      ('2022-01-05 04:05:00','미국 존 F.케네디','Asiana',NULL,NULL,NOW(),'complete','1148209801','9Q3s41wqTT0013@test.com',NULL),
      ('2022-01-26 02:34:00','미국 존 F.케네디','Asiana',NULL,NULL,NOW(),'complete','2308201019','9Q3s41wqTT0013@test.com',NULL),
      ('2022-01-09 03:43:00','캐나다 벤쿠버','AirCanada',NULL,NULL,NOW(),'complete','1148209801','5KLYWPV80N7157@test.com',NULL),
      ('2022-01-21 05:05:00','캐나다 토론토','Asiana',NULL,NULL,NOW(),'complete','2308201019','5KLYWPV80N7157@test.com',NULL),
      ('2022-01-25 07:38:00','미국 워싱턴','AirCanada',NULL,NULL,NOW(),'complete','1148209801','5KLYWPV80N7157@test.com',NULL),
      ('2022-01-02 12:44:00','캐나다 토론토','Asiana',NULL,NULL,NOW(),'complete','2308201019','5KLYWPV80N7157@test.com',NULL),
      ('2022-01-24 07:50:00','미국 존 F.케네디','AirCanada',NULL,NULL,NOW(),'complete','1148209801','5KLYWPV80N7157@test.com',NULL),
      ('2022-01-21 01:33:00','캐나다 토론토','Asiana',NULL,NULL,NOW(),'complete','2308201019','5KLYWPV80N7157@test.com',NULL),
      ('2022-01-18 01:46:00','미국 워싱턴','Asiana',NULL,NULL,NOW(),'complete','1148209801','5KLYWPV80N7157@test.com',NULL),
      ('2022-01-06 06:19:00','캐나다 토론토','Korair',NULL,NULL,NOW(),'complete','2308201019','5KLYWPV80N7157@test.com',NULL),
      ('2022-01-17 03:37:00','캐나다 토론토','AirCanada',NULL,NULL,NOW(),'complete','1148209801','0SlwLYZ1c02624@test.com',NULL),
      ('2022-01-01 10:37:00','미국 존 F.케네디','Asiana',NULL,NULL,NOW(),'complete','2308201019','0SlwLYZ1c02624@test.com',NULL),
      ('2022-01-12 12:17:00','미국 워싱턴','Korair',NULL,NULL,NOW(),'complete','1148209801','0SlwLYZ1c02624@test.com',NULL),
      ('2022-01-28 06:26:00','캐나다 토론토','Asiana',NULL,NULL,NOW(),'complete','2308201019','0SlwLYZ1c02624@test.com',NULL),
      ('2022-01-08 09:40:00','미국 존 F.케네디','AirCanada',NULL,NULL,NOW(),'complete','1148209801','0SlwLYZ1c02624@test.com',NULL),
      ('2022-01-01 04:03:00','캐나다 벤쿠버','Asiana',NULL,NULL,NOW(),'complete','2308201019','0SlwLYZ1c02624@test.com',NULL),
      ('2022-01-24 02:04:00','캐나다 벤쿠버','AirCanada',NULL,NULL,NOW(),'complete','1148209801','0SlwLYZ1c02624@test.com',NULL),
      ('2022-01-14 04:20:00','캐나다 벤쿠버','Korair',NULL,NULL,NOW(),'complete','2308201019','0SlwLYZ1c02624@test.com',NULL),
      ('2022-01-24 02:24:00','미국 존 F.케네디','AirCanada',NULL,NULL,NOW(),'complete','1148209801','qZwoNd0O8D6074@test.com',NULL),
      ('2022-01-24 06:12:00','미국 워싱턴','Asiana',NULL,NULL,NOW(),'complete','2308201019','qZwoNd0O8D6074@test.com',NULL),
      ('2022-01-14 09:45:00','미국 워싱턴','Korair',NULL,NULL,NOW(),'complete','1148209801','qZwoNd0O8D6074@test.com',NULL),
      ('2022-01-19 07:18:00','캐나다 벤쿠버','AirCanada',NULL,NULL,NOW(),'complete','2308201019','qZwoNd0O8D6074@test.com',NULL),
      ('2022-01-15 07:05:00','캐나다 벤쿠버','Asiana',NULL,NULL,NOW(),'complete','1148209801','qZwoNd0O8D6074@test.com',NULL),
      ('2022-01-05 12:49:00','캐나다 벤쿠버','AirCanada',NULL,NULL,NOW(),'complete','2308201019','qZwoNd0O8D6074@test.com',NULL),
      ('2022-01-24 03:54:00','미국 워싱턴','AirCanada',NULL,NULL,NOW(),'complete','1148209801','qZwoNd0O8D6074@test.com',NULL),
      ('2022-01-20 01:46:00','캐나다 벤쿠버','Korair',NULL,NULL,NOW(),'complete','2308201019','qZwoNd0O8D6074@test.com',NULL),
      ('2022-01-07 04:38:00','미국 존 F.케네디','Korair',NULL,NULL,NOW(),'complete','1148209801','pIuqxvGMUG1461@test.com',NULL),
      ('2022-01-23 07:15:00','미국 워싱턴','Asiana',NULL,NULL,NOW(),'complete','2308201019','pIuqxvGMUG1461@test.com',NULL),
      ('2022-01-23 06:49:00','캐나다 벤쿠버','Asiana',NULL,NULL,NOW(),'complete','1148209801','pIuqxvGMUG1461@test.com',NULL),
      ('2022-01-02 04:25:00','캐나다 토론토','Asiana',NULL,NULL,NOW(),'complete','2308201019','pIuqxvGMUG1461@test.com',NULL),
      ('2022-01-04 08:04:00','캐나다 토론토','Korair',NULL,NULL,NOW(),'complete','1148209801','pIuqxvGMUG1461@test.com',NULL),
      ('2022-01-27 12:22:00','캐나다 벤쿠버','AirCanada',NULL,NULL,NOW(),'complete','2308201019','pIuqxvGMUG1461@test.com',NULL),
      ('2022-01-20 01:46:00','캐나다 토론토','Asiana',NULL,NULL,NOW(),'complete','1148209801','pIuqxvGMUG1461@test.com',NULL),
      ('2022-01-18 04:49:00','미국 워싱턴','Korair',NULL,NULL,NOW(),'complete','2308201019','pIuqxvGMUG1461@test.com',NULL),
      ('2022-01-16 08:46:00','캐나다 토론토','Korair',NULL,NULL,NOW(),'complete','1148209801','UWysxcjVQE5830@test.com',NULL),
      ('2022-01-22 08:25:00','캐나다 벤쿠버','Asiana',NULL,NULL,NOW(),'complete','2308201019','UWysxcjVQE5830@test.com',NULL),
      ('2022-01-20 08:14:00','캐나다 토론토','Asiana',NULL,NULL,NOW(),'complete','1148209801','UWysxcjVQE5830@test.com',NULL),
      ('2022-01-28 09:00:00','미국 존 F.케네디','AirCanada',NULL,NULL,NOW(),'complete','2308201019','UWysxcjVQE5830@test.com',NULL),
      ('2022-01-15 04:43:00','캐나다 벤쿠버','Korair',NULL,NULL,NOW(),'complete','1148209801','UWysxcjVQE5830@test.com',NULL),
      ('2022-01-23 01:37:00','미국 워싱턴','Asiana',NULL,NULL,NOW(),'complete','2308201019','UWysxcjVQE5830@test.com',NULL),
      ('2022-01-15 10:18:00','캐나다 벤쿠버','Korair',NULL,NULL,NOW(),'complete','1148209801','UWysxcjVQE5830@test.com',NULL),
      ('2022-01-11 10:55:00','미국 워싱턴','Korair',NULL,NULL,NOW(),'complete','2308201019','UWysxcjVQE5830@test.com',NULL),
      ('2022-01-22 03:45:00','미국 존 F.케네디','Asiana',NULL,NULL,NOW(),'complete','1148209801','5pAPWtFXzf8648@test.com',NULL),
      ('2022-01-17 06:29:00','캐나다 벤쿠버','AirCanada',NULL,NULL,NOW(),'complete','2308201019','5pAPWtFXzf8648@test.com',NULL),
      ('2022-01-18 08:31:00','미국 존 F.케네디','Asiana',NULL,NULL,NOW(),'complete','1148209801','5pAPWtFXzf8648@test.com',NULL),
      ('2022-01-18 01:46:00','미국 워싱턴','Asiana',NULL,NULL,NOW(),'complete','2308201019','5pAPWtFXzf8648@test.com',NULL),
      ('2022-01-20 09:48:00','미국 존 F.케네디','Korair',NULL,NULL,NOW(),'complete','1148209801','5pAPWtFXzf8648@test.com',NULL),
      ('2022-01-15 04:08:00','캐나다 벤쿠버','AirCanada',NULL,NULL,NOW(),'complete','2308201019','5pAPWtFXzf8648@test.com',NULL),
      ('2022-01-23 09:09:00','미국 워싱턴','AirCanada',NULL,NULL,NOW(),'complete','1148209801','5pAPWtFXzf8648@test.com',NULL),
      ('2022-01-05 06:33:00','캐나다 벤쿠버','Korair',NULL,NULL,NOW(),'complete','2308201019','5pAPWtFXzf8648@test.com',NULL),
      ('2022-01-17 01:52:00','미국 워싱턴','AirCanada',NULL,NULL,NOW(),'complete','1148209801','3PtzApsG0W6125@test.com',NULL),
      ('2022-01-19 10:02:00','미국 존 F.케네디','AirCanada',NULL,NULL,NOW(),'complete','2308201019','3PtzApsG0W6125@test.com',NULL),
      ('2022-01-18 01:07:00','캐나다 벤쿠버','AirCanada',NULL,NULL,NOW(),'complete','1148209801','3PtzApsG0W6125@test.com',NULL),
      ('2022-01-14 06:30:00','미국 워싱턴','Korair',NULL,NULL,NOW(),'complete','2308201019','3PtzApsG0W6125@test.com',NULL),
      ('2022-01-13 09:20:00','미국 워싱턴','AirCanada',NULL,NULL,NOW(),'complete','1148209801','3PtzApsG0W6125@test.com',NULL),
      ('2022-01-12 07:26:00','미국 존 F.케네디','Asiana',NULL,NULL,NOW(),'complete','2308201019','3PtzApsG0W6125@test.com',NULL),
      ('2022-01-17 06:48:00','미국 워싱턴','Korair',NULL,NULL,NOW(),'complete','1148209801','3PtzApsG0W6125@test.com',NULL),
      ('2022-01-22 11:15:00','미국 존 F.케네디','AirCanada',NULL,NULL,NOW(),'complete','2308201019','3PtzApsG0W6125@test.com',NULL),
      ('2022-01-27 08:28:00','미국 존 F.케네디','AirCanada',NULL,NULL,NOW(),'complete','1148209801','CNIlY16jpS8340@test.com',NULL),
      ('2022-01-13 12:26:00','캐나다 토론토','AirCanada',NULL,NULL,NOW(),'complete','2308201019','CNIlY16jpS8340@test.com',NULL),
      ('2022-01-04 10:24:00','미국 워싱턴','Korair',NULL,NULL,NOW(),'complete','1148209801','CNIlY16jpS8340@test.com',NULL),
      ('2022-01-04 06:51:00','미국 워싱턴','Asiana',NULL,NULL,NOW(),'complete','2308201019','CNIlY16jpS8340@test.com',NULL),
      ('2022-01-08 08:09:00','미국 존 F.케네디','Korair',NULL,NULL,NOW(),'complete','1148209801','CNIlY16jpS8340@test.com',NULL),
      ('2022-01-26 03:26:00','캐나다 벤쿠버','Korair',NULL,NULL,NOW(),'complete','2308201019','CNIlY16jpS8340@test.com',NULL),
      ('2022-01-26 11:36:00','미국 존 F.케네디','Korair',NULL,NULL,NOW(),'complete','1148209801','CNIlY16jpS8340@test.com',NULL),
      ('2022-01-03 03:25:00','미국 존 F.케네디','Asiana',NULL,NULL,NOW(),'complete','2308201019','CNIlY16jpS8340@test.com',NULL),
      ('2022-01-07 01:54:00','캐나다 벤쿠버','Korair',NULL,NULL,NOW(),'complete','1148209801','KLQ2z3B6WR3067@test.com',NULL),
      ('2022-01-25 11:50:00','미국 존 F.케네디','AirCanada',NULL,NULL,NOW(),'complete','2308201019','KLQ2z3B6WR3067@test.com',NULL),
      ('2022-01-27 11:04:00','캐나다 벤쿠버','AirCanada',NULL,NULL,NOW(),'complete','1148209801','KLQ2z3B6WR3067@test.com',NULL),
      ('2022-01-16 08:50:00','캐나다 토론토','Korair',NULL,NULL,NOW(),'complete','2308201019','KLQ2z3B6WR3067@test.com',NULL),
      ('2022-01-27 11:53:00','미국 워싱턴','AirCanada',NULL,NULL,NOW(),'complete','1148209801','KLQ2z3B6WR3067@test.com',NULL),
      ('2022-01-22 02:33:00','캐나다 벤쿠버','AirCanada',NULL,NULL,NOW(),'complete','2308201019','KLQ2z3B6WR3067@test.com',NULL),
      ('2022-01-27 01:13:00','미국 존 F.케네디','Korair',NULL,NULL,NOW(),'complete','1148209801','KLQ2z3B6WR3067@test.com',NULL),
      ('2022-01-24 12:06:00','캐나다 토론토','Korair',NULL,NULL,NOW(),'complete','2308201019','KLQ2z3B6WR3067@test.com',NULL),
      ('2022-01-27 05:54:00','캐나다 토론토','AirCanada',NULL,NULL,NOW(),'complete','1148209801','WJZv8HSTD57346@test.com',NULL),
      ('2022-01-08 08:33:00','캐나다 토론토','Asiana',NULL,NULL,NOW(),'complete','2308201019','WJZv8HSTD57346@test.com',NULL),
      ('2022-01-24 01:17:00','캐나다 벤쿠버','Asiana',NULL,NULL,NOW(),'complete','1148209801','WJZv8HSTD57346@test.com',NULL),
      ('2022-01-04 11:21:00','캐나다 벤쿠버','Asiana',NULL,NULL,NOW(),'complete','2308201019','WJZv8HSTD57346@test.com',NULL),
      ('2022-01-11 10:44:00','미국 존 F.케네디','Korair',NULL,NULL,NOW(),'complete','1148209801','WJZv8HSTD57346@test.com',NULL),
      ('2022-01-12 12:05:00','미국 존 F.케네디','AirCanada',NULL,NULL,NOW(),'complete','2308201019','WJZv8HSTD57346@test.com',NULL),
      ('2022-01-01 03:17:00','미국 워싱턴','Asiana',NULL,NULL,NOW(),'complete','1148209801','WJZv8HSTD57346@test.com',NULL),
      ('2022-01-01 04:55:00','미국 존 F.케네디','AirCanada',NULL,NULL,NOW(),'complete','2308201019','WJZv8HSTD57346@test.com',NULL),
      ('2022-01-15 12:24:00','미국 워싱턴','Asiana',NULL,NULL,NOW(),'complete','1148209801','XlTlt8MZ0n5070@test.com',NULL),
      ('2022-01-02 04:42:00','미국 존 F.케네디','AirCanada',NULL,NULL,NOW(),'complete','2308201019','XlTlt8MZ0n5070@test.com',NULL),
      ('2022-01-25 07:22:00','미국 존 F.케네디','AirCanada',NULL,NULL,NOW(),'complete','1148209801','XlTlt8MZ0n5070@test.com',NULL),
      ('2022-01-01 06:04:00','캐나다 벤쿠버','Asiana',NULL,NULL,NOW(),'complete','2308201019','XlTlt8MZ0n5070@test.com',NULL),
      ('2022-01-18 01:53:00','캐나다 벤쿠버','Asiana',NULL,NULL,NOW(),'complete','1148209801','XlTlt8MZ0n5070@test.com',NULL),
      ('2022-01-04 11:57:00','미국 워싱턴','Asiana',NULL,NULL,NOW(),'complete','2308201019','XlTlt8MZ0n5070@test.com',NULL),
      ('2022-01-10 06:54:00','미국 워싱턴','AirCanada',NULL,NULL,NOW(),'complete','1148209801','XlTlt8MZ0n5070@test.com',NULL),
      ('2022-01-08 01:35:00','미국 워싱턴','Korair',NULL,NULL,NOW(),'complete','2308201019','XlTlt8MZ0n5070@test.com',NULL),
      ('2022-01-01 07:15:00','미국 워싱턴','Asiana',NULL,NULL,NOW(),'complete','1148209801','QxaA8w3HoL0038@test.com',NULL),
      ('2022-01-16 01:16:00','미국 워싱턴','Korair',NULL,NULL,NOW(),'complete','2308201019','QxaA8w3HoL0038@test.com',NULL),
      ('2022-01-07 04:48:00','미국 존 F.케네디','AirCanada',NULL,NULL,NOW(),'complete','1148209801','QxaA8w3HoL0038@test.com',NULL),
      ('2022-01-02 01:30:00','캐나다 벤쿠버','Korair',NULL,NULL,NOW(),'complete','2308201019','QxaA8w3HoL0038@test.com',NULL),
      ('2022-01-03 05:42:00','캐나다 토론토','Korair',NULL,NULL,NOW(),'complete','1148209801','QxaA8w3HoL0038@test.com',NULL),
      ('2022-01-13 04:45:00','캐나다 토론토','Korair',NULL,NULL,NOW(),'complete','2308201019','QxaA8w3HoL0038@test.com',NULL),
      ('2022-01-13 10:20:00','캐나다 벤쿠버','Asiana',NULL,NULL,NOW(),'complete','1148209801','QxaA8w3HoL0038@test.com',NULL),
      ('2022-01-18 05:01:00','캐나다 벤쿠버','AirCanada',NULL,NULL,NOW(),'complete','2308201019','QxaA8w3HoL0038@test.com',NULL),
      ('2022-01-09 08:27:00','캐나다 토론토','Asiana',NULL,NULL,NOW(),'complete','1148209801','UW1Jb2QuBj2836@test.com',NULL),
      ('2022-01-23 11:41:00','미국 워싱턴','Korair',NULL,NULL,NOW(),'complete','2308201019','UW1Jb2QuBj2836@test.com',NULL),
      ('2022-01-01 08:13:00','캐나다 벤쿠버','Asiana',NULL,NULL,NOW(),'complete','1148209801','UW1Jb2QuBj2836@test.com',NULL),
      ('2022-01-05 05:43:00','캐나다 토론토','AirCanada',NULL,NULL,NOW(),'complete','2308201019','UW1Jb2QuBj2836@test.com',NULL),
      ('2022-01-25 01:50:00','미국 존 F.케네디','Korair',NULL,NULL,NOW(),'complete','1148209801','UW1Jb2QuBj2836@test.com',NULL),
      ('2022-01-14 11:55:00','캐나다 토론토','AirCanada',NULL,NULL,NOW(),'complete','2308201019','UW1Jb2QuBj2836@test.com',NULL),
      ('2022-01-08 01:54:00','캐나다 토론토','Asiana',NULL,NULL,NOW(),'complete','1148209801','UW1Jb2QuBj2836@test.com',NULL),
      ('2022-01-19 09:49:00','미국 워싱턴','AirCanada',NULL,NULL,NOW(),'complete','2308201019','UW1Jb2QuBj2836@test.com',NULL),
      ('2022-01-21 07:58:00','캐나다 토론토','Asiana',NULL,NULL,NOW(),'complete','1148209801','kpXmwQxVC14374@test.com',NULL),
      ('2022-01-17 06:48:00','캐나다 벤쿠버','Korair',NULL,NULL,NOW(),'complete','2308201019','kpXmwQxVC14374@test.com',NULL),
      ('2022-01-09 04:13:00','캐나다 토론토','AirCanada',NULL,NULL,NOW(),'complete','1148209801','kpXmwQxVC14374@test.com',NULL),
      ('2022-01-27 07:23:00','미국 워싱턴','AirCanada',NULL,NULL,NOW(),'complete','2308201019','kpXmwQxVC14374@test.com',NULL),
      ('2022-01-10 04:54:00','캐나다 토론토','Asiana',NULL,NULL,NOW(),'complete','1148209801','kpXmwQxVC14374@test.com',NULL),
      ('2022-01-27 04:24:00','미국 존 F.케네디','AirCanada',NULL,NULL,NOW(),'complete','2308201019','kpXmwQxVC14374@test.com',NULL),
      ('2022-01-12 01:14:00','캐나다 벤쿠버','Asiana',NULL,NULL,NOW(),'complete','1148209801','kpXmwQxVC14374@test.com',NULL),
      ('2022-01-28 04:21:00','캐나다 벤쿠버','AirCanada',NULL,NULL,NOW(),'complete','2308201019','kpXmwQxVC14374@test.com',NULL),
      ('2022-01-02 05:08:00','캐나다 토론토','AirCanada',NULL,NULL,NOW(),'complete','1148209801','98f7CLyiRn2787@test.com',NULL),
      ('2022-01-26 12:53:00','캐나다 벤쿠버','Asiana',NULL,NULL,NOW(),'complete','2308201019','98f7CLyiRn2787@test.com',NULL),
      ('2022-01-28 03:31:00','캐나다 벤쿠버','Asiana',NULL,NULL,NOW(),'complete','1148209801','98f7CLyiRn2787@test.com',NULL),
      ('2022-01-25 04:59:00','캐나다 토론토','AirCanada',NULL,NULL,NOW(),'complete','2308201019','98f7CLyiRn2787@test.com',NULL),
      ('2022-01-02 09:31:00','미국 워싱턴','Korair',NULL,NULL,NOW(),'complete','1148209801','98f7CLyiRn2787@test.com',NULL),
      ('2022-01-26 04:56:00','캐나다 토론토','AirCanada',NULL,NULL,NOW(),'complete','2308201019','98f7CLyiRn2787@test.com',NULL),
      ('2022-01-07 12:59:00','미국 존 F.케네디','Korair',NULL,NULL,NOW(),'complete','1148209801','98f7CLyiRn2787@test.com',NULL),
      ('2022-01-07 09:17:00','미국 존 F.케네디','Korair',NULL,NULL,NOW(),'complete','2308201019','98f7CLyiRn2787@test.com',NULL),
      ('2022-01-12 04:07:00','미국 워싱턴','AirCanada',NULL,NULL,NOW(),'complete','1148209801','N1ymogKjcI3335@test.com',NULL),
      ('2022-01-27 07:39:00','미국 존 F.케네디','AirCanada',NULL,NULL,NOW(),'complete','2308201019','N1ymogKjcI3335@test.com',NULL),
      ('2022-01-19 12:36:00','캐나다 벤쿠버','Asiana',NULL,NULL,NOW(),'complete','1148209801','N1ymogKjcI3335@test.com',NULL),
      ('2022-01-08 08:21:00','미국 존 F.케네디','AirCanada',NULL,NULL,NOW(),'complete','2308201019','N1ymogKjcI3335@test.com',NULL),
      ('2022-01-15 05:38:00','미국 워싱턴','AirCanada',NULL,NULL,NOW(),'complete','1148209801','N1ymogKjcI3335@test.com',NULL),
      ('2022-01-21 10:04:00','미국 워싱턴','Asiana',NULL,NULL,NOW(),'complete','2308201019','N1ymogKjcI3335@test.com',NULL),
      ('2022-01-25 01:58:00','미국 워싱턴','Asiana',NULL,NULL,NOW(),'complete','1148209801','N1ymogKjcI3335@test.com',NULL),
      ('2022-01-22 05:56:00','캐나다 벤쿠버','Asiana',NULL,NULL,NOW(),'complete','2308201019','N1ymogKjcI3335@test.com',NULL),
      ('2022-01-01 01:10:00','캐나다 벤쿠버','Korair',NULL,NULL,NOW(),'complete','1148209801','oHSFRovlps1326@test.com',NULL),
      ('2022-01-11 10:55:00','캐나다 벤쿠버','AirCanada',NULL,NULL,NOW(),'complete','2308201019','oHSFRovlps1326@test.com',NULL),
      ('2022-01-28 05:49:00','캐나다 벤쿠버','Asiana',NULL,NULL,NOW(),'complete','1148209801','oHSFRovlps1326@test.com',NULL),
      ('2022-01-07 06:59:00','캐나다 벤쿠버','Asiana',NULL,NULL,NOW(),'complete','2308201019','oHSFRovlps1326@test.com',NULL),
      ('2022-01-06 07:38:00','캐나다 벤쿠버','Asiana',NULL,NULL,NOW(),'complete','1148209801','oHSFRovlps1326@test.com',NULL),
      ('2022-01-27 09:25:00','캐나다 벤쿠버','Asiana',NULL,NULL,NOW(),'complete','2308201019','oHSFRovlps1326@test.com',NULL),
      ('2022-01-02 10:14:00','미국 존 F.케네디','Korair',NULL,NULL,NOW(),'complete','1148209801','oHSFRovlps1326@test.com',NULL),
      ('2022-01-01 11:38:00','캐나다 벤쿠버','Korair',NULL,NULL,NOW(),'complete','2308201019','oHSFRovlps1326@test.com',NULL),
      ('2022-01-24 08:26:00','미국 워싱턴','AirCanada',NULL,NULL,NOW(),'complete','1148209801','VBpf3EoqmS7125@test.com',NULL),
      ('2022-01-06 03:09:00','미국 존 F.케네디','AirCanada',NULL,NULL,NOW(),'complete','2308201019','VBpf3EoqmS7125@test.com',NULL),
      ('2022-01-26 06:54:00','미국 존 F.케네디','Korair',NULL,NULL,NOW(),'complete','1148209801','VBpf3EoqmS7125@test.com',NULL),
      ('2022-01-22 07:30:00','캐나다 토론토','Asiana',NULL,NULL,NOW(),'complete','2308201019','VBpf3EoqmS7125@test.com',NULL),
      ('2022-01-13 02:30:00','캐나다 토론토','AirCanada',NULL,NULL,NOW(),'complete','1148209801','VBpf3EoqmS7125@test.com',NULL),
      ('2022-01-08 11:52:00','캐나다 벤쿠버','Asiana',NULL,NULL,NOW(),'complete','2308201019','VBpf3EoqmS7125@test.com',NULL),
      ('2022-01-04 10:27:00','캐나다 토론토','Korair',NULL,NULL,NOW(),'complete','1148209801','VBpf3EoqmS7125@test.com',NULL),
      ('2022-01-10 11:23:00','미국 존 F.케네디','Asiana',NULL,NULL,NOW(),'complete','2308201019','VBpf3EoqmS7125@test.com',NULL),
      ('2022-01-16 05:45:00','캐나다 벤쿠버','Asiana',NULL,NULL,NOW(),'complete','1148209801','VasadIw0dj6817@test.com',NULL),
      ('2022-01-15 11:02:00','미국 워싱턴','Asiana',NULL,NULL,NOW(),'complete','2308201019','VasadIw0dj6817@test.com',NULL),
      ('2022-01-04 04:54:00','미국 워싱턴','AirCanada',NULL,NULL,NOW(),'complete','1148209801','VasadIw0dj6817@test.com',NULL),
      ('2022-01-05 12:38:00','미국 존 F.케네디','Asiana',NULL,NULL,NOW(),'complete','2308201019','VasadIw0dj6817@test.com',NULL),
      ('2022-01-04 10:11:00','캐나다 벤쿠버','Korair',NULL,NULL,NOW(),'complete','1148209801','VasadIw0dj6817@test.com',NULL),
      ('2022-01-20 10:37:00','캐나다 벤쿠버','Korair',NULL,NULL,NOW(),'complete','2308201019','VasadIw0dj6817@test.com',NULL),
      ('2022-01-13 02:43:00','캐나다 토론토','Asiana',NULL,NULL,NOW(),'complete','1148209801','VasadIw0dj6817@test.com',NULL),
      ('2022-01-03 03:19:00','미국 워싱턴','Korair',NULL,NULL,NOW(),'complete','2308201019','VasadIw0dj6817@test.com',NULL),
      ('2022-01-24 07:30:00','미국 워싱턴','Asiana',NULL,NULL,NOW(),'complete','1148209801','GHQxG4C6ci0133@test.com',NULL),
      ('2022-01-08 03:48:00','캐나다 토론토','Asiana',NULL,NULL,NOW(),'complete','2308201019','GHQxG4C6ci0133@test.com',NULL),
      ('2022-01-28 12:27:00','미국 워싱턴','AirCanada',NULL,NULL,NOW(),'complete','1148209801','GHQxG4C6ci0133@test.com',NULL),
      ('2022-01-07 01:17:00','미국 존 F.케네디','AirCanada',NULL,NULL,NOW(),'complete','2308201019','GHQxG4C6ci0133@test.com',NULL),
      ('2022-01-12 12:47:00','캐나다 토론토','Asiana',NULL,NULL,NOW(),'complete','1148209801','GHQxG4C6ci0133@test.com',NULL),
      ('2022-01-19 12:15:00','캐나다 토론토','AirCanada',NULL,NULL,NOW(),'complete','2308201019','GHQxG4C6ci0133@test.com',NULL),
      ('2022-01-11 07:41:00','캐나다 벤쿠버','Asiana',NULL,NULL,NOW(),'complete','1148209801','GHQxG4C6ci0133@test.com',NULL),
      ('2022-01-27 03:35:00','캐나다 벤쿠버','Asiana',NULL,NULL,NOW(),'complete','2308201019','GHQxG4C6ci0133@test.com',NULL),
      ('2022-01-15 02:30:00','미국 존 F.케네디','Asiana',NULL,NULL,NOW(),'complete','1148209801','WeHqcxtUfb2313@test.com',NULL),
      ('2022-01-09 07:56:00','캐나다 벤쿠버','AirCanada',NULL,NULL,NOW(),'complete','2308201019','WeHqcxtUfb2313@test.com',NULL),
      ('2022-01-13 12:31:00','캐나다 토론토','Asiana',NULL,NULL,NOW(),'complete','1148209801','WeHqcxtUfb2313@test.com',NULL),
      ('2022-01-20 08:35:00','미국 워싱턴','Asiana',NULL,NULL,NOW(),'complete','2308201019','WeHqcxtUfb2313@test.com',NULL),
      ('2022-01-08 04:16:00','캐나다 토론토','AirCanada',NULL,NULL,NOW(),'complete','1148209801','WeHqcxtUfb2313@test.com',NULL),
      ('2022-01-09 11:26:00','미국 워싱턴','Korair',NULL,NULL,NOW(),'complete','2308201019','WeHqcxtUfb2313@test.com',NULL),
      ('2022-01-21 11:32:00','캐나다 토론토','AirCanada',NULL,NULL,NOW(),'complete','1148209801','WeHqcxtUfb2313@test.com',NULL),
      ('2022-01-03 02:54:00','캐나다 토론토','AirCanada',NULL,NULL,NOW(),'complete','2308201019','WeHqcxtUfb2313@test.com',NULL),
      ('2022-01-17 08:43:00','미국 워싱턴','Asiana',NULL,NULL,NOW(),'complete','1148209801','gcUfSH6TeZ7544@test.com',NULL),
      ('2022-01-24 12:42:00','캐나다 토론토','Korair',NULL,NULL,NOW(),'complete','2308201019','gcUfSH6TeZ7544@test.com',NULL),
      ('2022-01-22 11:16:00','캐나다 벤쿠버','AirCanada',NULL,NULL,NOW(),'complete','1148209801','gcUfSH6TeZ7544@test.com',NULL),
      ('2022-01-14 01:09:00','미국 존 F.케네디','Korair',NULL,NULL,NOW(),'complete','2308201019','gcUfSH6TeZ7544@test.com',NULL),
      ('2022-01-18 12:55:00','미국 존 F.케네디','Asiana',NULL,NULL,NOW(),'complete','1148209801','gcUfSH6TeZ7544@test.com',NULL),
      ('2022-01-22 05:42:00','미국 워싱턴','AirCanada',NULL,NULL,NOW(),'complete','2308201019','gcUfSH6TeZ7544@test.com',NULL),
      ('2022-01-08 08:10:00','미국 존 F.케네디','Asiana',NULL,NULL,NOW(),'complete','1148209801','gcUfSH6TeZ7544@test.com',NULL),
      ('2022-01-11 01:48:00','미국 워싱턴','AirCanada',NULL,NULL,NOW(),'complete','2308201019','gcUfSH6TeZ7544@test.com',NULL),
      ('2022-01-16 07:51:00','미국 워싱턴','Asiana',NULL,NULL,NOW(),'complete','1148209801','jGYL7QZcxA3168@test.com',NULL),
      ('2022-01-26 11:16:00','캐나다 토론토','AirCanada',NULL,NULL,NOW(),'complete','2308201019','jGYL7QZcxA3168@test.com',NULL),
      ('2022-01-27 11:41:00','캐나다 토론토','Korair',NULL,NULL,NOW(),'complete','1148209801','jGYL7QZcxA3168@test.com',NULL),
      ('2022-01-02 05:48:00','미국 존 F.케네디','Korair',NULL,NULL,NOW(),'complete','2308201019','jGYL7QZcxA3168@test.com',NULL),
      ('2022-01-24 08:34:00','캐나다 벤쿠버','Asiana',NULL,NULL,NOW(),'complete','1148209801','jGYL7QZcxA3168@test.com',NULL),
      ('2022-01-26 05:29:00','캐나다 벤쿠버','Asiana',NULL,NULL,NOW(),'complete','2308201019','jGYL7QZcxA3168@test.com',NULL),
      ('2022-01-26 02:54:00','미국 워싱턴','Korair',NULL,NULL,NOW(),'complete','1148209801','jGYL7QZcxA3168@test.com',NULL),
      ('2022-01-20 10:14:00','캐나다 토론토','AirCanada',NULL,NULL,NOW(),'complete','2308201019','jGYL7QZcxA3168@test.com',NULL),
      ('2022-01-22 05:28:00','캐나다 토론토','AirCanada',NULL,NULL,NOW(),'complete','1148209801','VZcD1gHUtb7342@test.com',NULL),
      ('2022-01-07 04:39:00','캐나다 토론토','Korair',NULL,NULL,NOW(),'complete','2308201019','VZcD1gHUtb7342@test.com',NULL),
      ('2022-01-12 11:48:00','미국 워싱턴','AirCanada',NULL,NULL,NOW(),'complete','1148209801','VZcD1gHUtb7342@test.com',NULL),
      ('2022-01-08 07:28:00','미국 존 F.케네디','Asiana',NULL,NULL,NOW(),'complete','2308201019','VZcD1gHUtb7342@test.com',NULL),
      ('2022-01-26 12:28:00','미국 워싱턴','Asiana',NULL,NULL,NOW(),'complete','1148209801','VZcD1gHUtb7342@test.com',NULL),
      ('2022-01-17 05:29:00','미국 존 F.케네디','Korair',NULL,NULL,NOW(),'complete','2308201019','VZcD1gHUtb7342@test.com',NULL),
      ('2022-01-15 08:05:00','캐나다 토론토','AirCanada',NULL,NULL,NOW(),'complete','1148209801','VZcD1gHUtb7342@test.com',NULL),
      ('2022-01-08 08:19:00','미국 워싱턴','AirCanada',NULL,NULL,NOW(),'complete','2308201019','VZcD1gHUtb7342@test.com',NULL),
      ('2022-01-01 07:11:00','미국 존 F.케네디','AirCanada',NULL,NULL,NOW(),'complete','1148209801','DIN92nIyBF6763@test.com',NULL),
      ('2022-01-26 08:38:00','캐나다 벤쿠버','AirCanada',NULL,NULL,NOW(),'complete','2308201019','DIN92nIyBF6763@test.com',NULL),
      ('2022-01-09 09:11:00','미국 워싱턴','Asiana',NULL,NULL,NOW(),'complete','1148209801','DIN92nIyBF6763@test.com',NULL),
      ('2022-01-17 11:12:00','캐나다 토론토','Asiana',NULL,NULL,NOW(),'complete','2308201019','DIN92nIyBF6763@test.com',NULL),
      ('2022-01-16 10:15:00','캐나다 토론토','AirCanada',NULL,NULL,NOW(),'complete','1148209801','DIN92nIyBF6763@test.com',NULL),
      ('2022-01-28 01:52:00','미국 존 F.케네디','Korair',NULL,NULL,NOW(),'complete','2308201019','DIN92nIyBF6763@test.com',NULL),
      ('2022-01-17 09:49:00','미국 워싱턴','AirCanada',NULL,NULL,NOW(),'complete','1148209801','DIN92nIyBF6763@test.com',NULL),
      ('2022-01-17 10:04:00','캐나다 토론토','AirCanada',NULL,NULL,NOW(),'complete','2308201019','DIN92nIyBF6763@test.com',NULL),
      ('2022-01-02 02:49:00','캐나다 벤쿠버','AirCanada',NULL,NULL,NOW(),'complete','1148209801','7Fv7y8PaQA4882@test.com',NULL),
      ('2022-01-24 04:24:00','캐나다 벤쿠버','Korair',NULL,NULL,NOW(),'complete','2308201019','7Fv7y8PaQA4882@test.com',NULL),
      ('2022-01-07 03:30:00','미국 워싱턴','Asiana',NULL,NULL,NOW(),'complete','1148209801','7Fv7y8PaQA4882@test.com',NULL),
      ('2022-01-09 10:15:00','캐나다 벤쿠버','Korair',NULL,NULL,NOW(),'complete','2308201019','7Fv7y8PaQA4882@test.com',NULL),
      ('2022-01-14 10:19:00','미국 존 F.케네디','Asiana',NULL,NULL,NOW(),'complete','1148209801','7Fv7y8PaQA4882@test.com',NULL),
      ('2022-01-26 04:56:00','미국 존 F.케네디','AirCanada',NULL,NULL,NOW(),'complete','2308201019','7Fv7y8PaQA4882@test.com',NULL),
      ('2022-01-28 12:40:00','캐나다 토론토','Asiana',NULL,NULL,NOW(),'complete','1148209801','7Fv7y8PaQA4882@test.com',NULL),
      ('2022-01-11 12:30:00','미국 존 F.케네디','Korair',NULL,NULL,NOW(),'complete','2308201019','7Fv7y8PaQA4882@test.com',NULL),
      ('2022-01-15 02:42:00','미국 존 F.케네디','AirCanada',NULL,NULL,NOW(),'complete','1148209801','6IbKJqXYtY5807@test.com',NULL),
      ('2022-01-06 03:32:00','캐나다 벤쿠버','Korair',NULL,NULL,NOW(),'complete','2308201019','6IbKJqXYtY5807@test.com',NULL),
      ('2022-01-14 02:40:00','캐나다 벤쿠버','Korair',NULL,NULL,NOW(),'complete','1148209801','6IbKJqXYtY5807@test.com',NULL),
      ('2022-01-12 06:53:00','캐나다 벤쿠버','Asiana',NULL,NULL,NOW(),'complete','2308201019','6IbKJqXYtY5807@test.com',NULL),
      ('2022-01-20 04:42:00','미국 존 F.케네디','Korair',NULL,NULL,NOW(),'complete','1148209801','6IbKJqXYtY5807@test.com',NULL),
      ('2022-01-15 06:20:00','캐나다 벤쿠버','Korair',NULL,NULL,NOW(),'complete','2308201019','6IbKJqXYtY5807@test.com',NULL),
      ('2022-01-15 12:40:00','캐나다 토론토','Korair',NULL,NULL,NOW(),'complete','1148209801','6IbKJqXYtY5807@test.com',NULL),
      ('2022-01-02 03:43:00','미국 워싱턴','Asiana',NULL,NULL,NOW(),'complete','2308201019','6IbKJqXYtY5807@test.com',NULL),
      ('2022-01-19 04:37:00','미국 존 F.케네디','AirCanada',NULL,NULL,NOW(),'complete','1148209801','odSczixE4B6383@test.com',NULL),
      ('2022-01-08 11:37:00','캐나다 벤쿠버','Korair',NULL,NULL,NOW(),'complete','2308201019','odSczixE4B6383@test.com',NULL),
      ('2022-01-02 11:47:00','미국 워싱턴','AirCanada',NULL,NULL,NOW(),'complete','1148209801','odSczixE4B6383@test.com',NULL),
      ('2022-01-03 11:15:00','캐나다 토론토','AirCanada',NULL,NULL,NOW(),'complete','2308201019','odSczixE4B6383@test.com',NULL),
      ('2022-01-08 06:14:00','미국 존 F.케네디','AirCanada',NULL,NULL,NOW(),'complete','1148209801','odSczixE4B6383@test.com',NULL),
      ('2022-01-03 06:49:00','미국 존 F.케네디','Asiana',NULL,NULL,NOW(),'complete','2308201019','odSczixE4B6383@test.com',NULL),
      ('2022-01-13 06:29:00','미국 워싱턴','Korair',NULL,NULL,NOW(),'complete','1148209801','odSczixE4B6383@test.com',NULL),
      ('2022-01-20 09:25:00','캐나다 토론토','AirCanada',NULL,NULL,NOW(),'complete','2308201019','odSczixE4B6383@test.com',NULL),
      ('2022-01-28 05:00:00','캐나다 토론토','AirCanada',NULL,NULL,NOW(),'complete','1148209801','PkMp6VhjvN4836@test.com',NULL),
      ('2022-01-09 04:39:00','미국 존 F.케네디','Asiana',NULL,NULL,NOW(),'complete','2308201019','PkMp6VhjvN4836@test.com',NULL),
      ('2022-01-01 11:51:00','미국 존 F.케네디','Korair',NULL,NULL,NOW(),'complete','1148209801','PkMp6VhjvN4836@test.com',NULL),
      ('2022-01-26 08:30:00','캐나다 토론토','Asiana',NULL,NULL,NOW(),'complete','2308201019','PkMp6VhjvN4836@test.com',NULL),
      ('2022-01-07 09:27:00','캐나다 벤쿠버','Korair',NULL,NULL,NOW(),'complete','1148209801','PkMp6VhjvN4836@test.com',NULL),
      ('2022-01-02 01:11:00','캐나다 벤쿠버','Asiana',NULL,NULL,NOW(),'complete','2308201019','PkMp6VhjvN4836@test.com',NULL),
      ('2022-01-26 12:18:00','미국 워싱턴','Korair',NULL,NULL,NOW(),'complete','1148209801','PkMp6VhjvN4836@test.com',NULL),
      ('2022-01-14 12:12:00','미국 존 F.케네디','Asiana',NULL,NULL,NOW(),'complete','2308201019','PkMp6VhjvN4836@test.com',NULL),
      ('2022-01-17 05:10:00','미국 존 F.케네디','Korair',NULL,NULL,NOW(),'complete','1148209801','KVTPxtDbYH3824@test.com',NULL),
      ('2022-01-24 09:54:00','미국 존 F.케네디','Asiana',NULL,NULL,NOW(),'complete','2308201019','KVTPxtDbYH3824@test.com',NULL),
      ('2022-01-06 11:56:00','캐나다 벤쿠버','AirCanada',NULL,NULL,NOW(),'complete','1148209801','KVTPxtDbYH3824@test.com',NULL),
      ('2022-01-08 09:59:00','캐나다 토론토','Korair',NULL,NULL,NOW(),'complete','2308201019','KVTPxtDbYH3824@test.com',NULL),
      ('2022-01-07 11:38:00','캐나다 토론토','AirCanada',NULL,NULL,NOW(),'complete','1148209801','KVTPxtDbYH3824@test.com',NULL),
      ('2022-01-04 06:05:00','미국 워싱턴','Korair',NULL,NULL,NOW(),'complete','2308201019','KVTPxtDbYH3824@test.com',NULL),
      ('2022-01-16 01:47:00','캐나다 토론토','AirCanada',NULL,NULL,NOW(),'complete','1148209801','KVTPxtDbYH3824@test.com',NULL),
      ('2022-01-22 10:43:00','캐나다 벤쿠버','Korair',NULL,NULL,NOW(),'complete','2308201019','KVTPxtDbYH3824@test.com',NULL),
      ('2022-01-16 06:10:00','캐나다 토론토','Korair',NULL,NULL,NOW(),'complete','1148209801','roFnmWsrSY3861@test.com',NULL),
      ('2022-01-16 03:03:00','미국 존 F.케네디','AirCanada',NULL,NULL,NOW(),'complete','2308201019','roFnmWsrSY3861@test.com',NULL),
      ('2022-01-12 12:24:00','캐나다 토론토','AirCanada',NULL,NULL,NOW(),'complete','1148209801','roFnmWsrSY3861@test.com',NULL),
      ('2022-01-27 02:13:00','미국 존 F.케네디','AirCanada',NULL,NULL,NOW(),'complete','2308201019','roFnmWsrSY3861@test.com',NULL),
      ('2022-01-14 04:02:00','미국 워싱턴','Korair',NULL,NULL,NOW(),'complete','1148209801','roFnmWsrSY3861@test.com',NULL),
      ('2022-01-24 01:26:00','캐나다 벤쿠버','AirCanada',NULL,NULL,NOW(),'complete','2308201019','roFnmWsrSY3861@test.com',NULL),
      ('2022-01-10 01:13:00','미국 존 F.케네디','Asiana',NULL,NULL,NOW(),'complete','1148209801','roFnmWsrSY3861@test.com',NULL),
      ('2022-01-03 05:15:00','미국 존 F.케네디','AirCanada',NULL,NULL,NOW(),'complete','2308201019','roFnmWsrSY3861@test.com',NULL),
      ('2022-01-07 04:04:00','캐나다 벤쿠버','AirCanada',NULL,NULL,NOW(),'complete','1148209801','lZcQZ166mM3485@test.com',NULL),
      ('2022-01-07 12:36:00','캐나다 토론토','Korair',NULL,NULL,NOW(),'complete','2308201019','lZcQZ166mM3485@test.com',NULL),
      ('2022-01-03 06:18:00','캐나다 토론토','AirCanada',NULL,NULL,NOW(),'complete','1148209801','lZcQZ166mM3485@test.com',NULL),
      ('2022-01-09 06:00:00','캐나다 토론토','Korair',NULL,NULL,NOW(),'complete','2308201019','lZcQZ166mM3485@test.com',NULL),
      ('2022-01-27 05:54:00','미국 존 F.케네디','Asiana',NULL,NULL,NOW(),'complete','1148209801','lZcQZ166mM3485@test.com',NULL),
      ('2022-01-01 06:54:00','미국 존 F.케네디','AirCanada',NULL,NULL,NOW(),'complete','2308201019','lZcQZ166mM3485@test.com',NULL),
      ('2022-01-10 02:44:00','캐나다 토론토','AirCanada',NULL,NULL,NOW(),'complete','1148209801','lZcQZ166mM3485@test.com',NULL),
      ('2022-01-11 01:22:00','미국 존 F.케네디','Asiana',NULL,NULL,NOW(),'complete','2308201019','lZcQZ166mM3485@test.com',NULL),
      ('2022-01-21 09:53:00','미국 워싱턴','AirCanada',NULL,NULL,NOW(),'complete','1148209801','gavdeGfF9n6532@test.com',NULL),
      ('2022-01-20 03:55:00','캐나다 토론토','AirCanada',NULL,NULL,NOW(),'complete','2308201019','gavdeGfF9n6532@test.com',NULL),
      ('2022-01-27 05:56:00','미국 워싱턴','Korair',NULL,NULL,NOW(),'complete','1148209801','gavdeGfF9n6532@test.com',NULL),
      ('2022-01-25 06:44:00','미국 워싱턴','AirCanada',NULL,NULL,NOW(),'complete','2308201019','gavdeGfF9n6532@test.com',NULL),
      ('2022-01-13 12:09:00','캐나다 토론토','Korair',NULL,NULL,NOW(),'complete','1148209801','gavdeGfF9n6532@test.com',NULL),
      ('2022-01-26 03:48:00','캐나다 벤쿠버','Asiana',NULL,NULL,NOW(),'complete','2308201019','gavdeGfF9n6532@test.com',NULL),
      ('2022-01-15 08:08:00','캐나다 벤쿠버','AirCanada',NULL,NULL,NOW(),'complete','1148209801','gavdeGfF9n6532@test.com',NULL),
      ('2022-01-24 01:55:00','캐나다 토론토','Asiana',NULL,NULL,NOW(),'complete','2308201019','gavdeGfF9n6532@test.com',NULL),
      ('2022-01-05 10:48:00','미국 워싱턴','Korair',NULL,NULL,NOW(),'complete','1148209801','HgRzJmYYia4405@test.com',NULL),
      ('2022-01-19 03:38:00','캐나다 토론토','Asiana',NULL,NULL,NOW(),'complete','2308201019','HgRzJmYYia4405@test.com',NULL),
      ('2022-01-11 05:25:00','미국 존 F.케네디','Korair',NULL,NULL,NOW(),'complete','1148209801','HgRzJmYYia4405@test.com',NULL),
      ('2022-01-28 05:01:00','미국 워싱턴','Asiana',NULL,NULL,NOW(),'complete','2308201019','HgRzJmYYia4405@test.com',NULL),
      ('2022-01-21 09:42:00','미국 워싱턴','Korair',NULL,NULL,NOW(),'complete','1148209801','HgRzJmYYia4405@test.com',NULL),
      ('2022-01-03 12:59:00','미국 존 F.케네디','Asiana',NULL,NULL,NOW(),'complete','2308201019','HgRzJmYYia4405@test.com',NULL),
      ('2022-01-03 05:48:00','캐나다 토론토','Korair',NULL,NULL,NOW(),'complete','1148209801','HgRzJmYYia4405@test.com',NULL),
      ('2022-01-22 01:22:00','캐나다 토론토','Asiana',NULL,NULL,NOW(),'complete','2308201019','HgRzJmYYia4405@test.com',NULL),
      ('2022-01-23 04:52:00','미국 워싱턴','Asiana',NULL,NULL,NOW(),'complete','1148209801','Ww0KlRnr6V0145@test.com',NULL),
      ('2022-01-26 02:58:00','미국 존 F.케네디','AirCanada',NULL,NULL,NOW(),'complete','2308201019','Ww0KlRnr6V0145@test.com',NULL),
      ('2022-01-20 02:33:00','미국 존 F.케네디','Asiana',NULL,NULL,NOW(),'complete','1148209801','Ww0KlRnr6V0145@test.com',NULL),
      ('2022-01-11 05:54:00','미국 존 F.케네디','Asiana',NULL,NULL,NOW(),'complete','2308201019','Ww0KlRnr6V0145@test.com',NULL),
      ('2022-01-14 08:36:00','캐나다 토론토','AirCanada',NULL,NULL,NOW(),'complete','1148209801','Ww0KlRnr6V0145@test.com',NULL),
      ('2022-01-04 01:57:00','미국 워싱턴','Korair',NULL,NULL,NOW(),'complete','2308201019','Ww0KlRnr6V0145@test.com',NULL),
      ('2022-01-09 09:38:00','캐나다 벤쿠버','Korair',NULL,NULL,NOW(),'complete','1148209801','Ww0KlRnr6V0145@test.com',NULL),
      ('2022-01-15 05:05:00','미국 존 F.케네디','Asiana',NULL,NULL,NOW(),'complete','2308201019','Ww0KlRnr6V0145@test.com',NULL),
      ('2022-01-12 10:35:00','캐나다 토론토','Asiana',NULL,NULL,NOW(),'complete','1148209801','K27Yot7Ar96031@test.com',NULL),
      ('2022-01-13 01:10:00','미국 워싱턴','Asiana',NULL,NULL,NOW(),'complete','2308201019','K27Yot7Ar96031@test.com',NULL),
      ('2022-01-15 08:28:00','캐나다 토론토','Korair',NULL,NULL,NOW(),'complete','1148209801','K27Yot7Ar96031@test.com',NULL),
      ('2022-01-06 07:27:00','캐나다 토론토','Asiana',NULL,NULL,NOW(),'complete','2308201019','K27Yot7Ar96031@test.com',NULL),
      ('2022-01-18 09:54:00','미국 존 F.케네디','AirCanada',NULL,NULL,NOW(),'complete','1148209801','K27Yot7Ar96031@test.com',NULL),
      ('2022-01-26 05:04:00','미국 존 F.케네디','Korair',NULL,NULL,NOW(),'complete','2308201019','K27Yot7Ar96031@test.com',NULL),
      ('2022-01-25 05:01:00','미국 존 F.케네디','Asiana',NULL,NULL,NOW(),'complete','1148209801','K27Yot7Ar96031@test.com',NULL),
      ('2022-01-06 09:25:00','캐나다 벤쿠버','Korair',NULL,NULL,NOW(),'complete','2308201019','K27Yot7Ar96031@test.com',NULL),
      ('2022-01-02 09:16:00','미국 존 F.케네디','Asiana',NULL,NULL,NOW(),'complete','1148209801','DqdgSBWjlD5470@test.com',NULL),
      ('2022-01-02 09:30:00','캐나다 벤쿠버','Korair',NULL,NULL,NOW(),'complete','2308201019','DqdgSBWjlD5470@test.com',NULL),
      ('2022-01-02 04:41:00','미국 워싱턴','AirCanada',NULL,NULL,NOW(),'complete','1148209801','DqdgSBWjlD5470@test.com',NULL),
      ('2022-01-02 11:31:00','미국 존 F.케네디','Asiana',NULL,NULL,NOW(),'complete','2308201019','DqdgSBWjlD5470@test.com',NULL),
      ('2022-01-15 12:31:00','미국 워싱턴','Asiana',NULL,NULL,NOW(),'complete','1148209801','DqdgSBWjlD5470@test.com',NULL),
      ('2022-01-05 01:34:00','미국 워싱턴','Asiana',NULL,NULL,NOW(),'complete','2308201019','DqdgSBWjlD5470@test.com',NULL),
      ('2022-01-07 05:21:00','캐나다 벤쿠버','Korair',NULL,NULL,NOW(),'complete','1148209801','DqdgSBWjlD5470@test.com',NULL),
      ('2022-01-28 08:27:00','캐나다 토론토','Asiana',NULL,NULL,NOW(),'complete','2308201019','DqdgSBWjlD5470@test.com',NULL),
      ('2022-01-08 11:43:00','미국 존 F.케네디','Asiana',NULL,NULL,NOW(),'complete','1148209801','6msrXefDhL5657@test.com',NULL),
      ('2022-01-17 02:12:00','캐나다 토론토','AirCanada',NULL,NULL,NOW(),'complete','2308201019','6msrXefDhL5657@test.com',NULL),
      ('2022-01-07 10:44:00','캐나다 토론토','Korair',NULL,NULL,NOW(),'complete','1148209801','6msrXefDhL5657@test.com',NULL),
      ('2022-01-13 02:46:00','미국 워싱턴','AirCanada',NULL,NULL,NOW(),'complete','2308201019','6msrXefDhL5657@test.com',NULL),
      ('2022-01-27 08:37:00','미국 존 F.케네디','AirCanada',NULL,NULL,NOW(),'complete','1148209801','6msrXefDhL5657@test.com',NULL),
      ('2022-01-02 06:57:00','미국 존 F.케네디','AirCanada',NULL,NULL,NOW(),'complete','2308201019','6msrXefDhL5657@test.com',NULL),
      ('2022-01-04 04:25:00','미국 존 F.케네디','Asiana',NULL,NULL,NOW(),'complete','1148209801','6msrXefDhL5657@test.com',NULL),
      ('2022-01-28 01:42:00','미국 존 F.케네디','Asiana',NULL,NULL,NOW(),'complete','2308201019','6msrXefDhL5657@test.com',NULL),
      ('2022-01-15 05:38:00','캐나다 벤쿠버','AirCanada',NULL,NULL,NOW(),'complete','1148209801','jQ0o75dOCj7832@test.com',NULL),
      ('2022-01-17 11:14:00','캐나다 벤쿠버','Asiana',NULL,NULL,NOW(),'complete','2308201019','jQ0o75dOCj7832@test.com',NULL),
      ('2022-01-08 03:24:00','미국 존 F.케네디','Asiana',NULL,NULL,NOW(),'complete','1148209801','jQ0o75dOCj7832@test.com',NULL),
      ('2022-01-27 04:36:00','캐나다 벤쿠버','AirCanada',NULL,NULL,NOW(),'complete','2308201019','jQ0o75dOCj7832@test.com',NULL),
      ('2022-01-26 07:30:00','미국 존 F.케네디','Korair',NULL,NULL,NOW(),'complete','1148209801','jQ0o75dOCj7832@test.com',NULL),
      ('2022-01-16 08:40:00','캐나다 벤쿠버','Korair',NULL,NULL,NOW(),'complete','2308201019','jQ0o75dOCj7832@test.com',NULL),
      ('2022-01-22 05:00:00','캐나다 토론토','Korair',NULL,NULL,NOW(),'complete','1148209801','jQ0o75dOCj7832@test.com',NULL),
      ('2022-01-12 02:29:00','미국 워싱턴','Korair',NULL,NULL,NOW(),'complete','2308201019','jQ0o75dOCj7832@test.com',NULL),
      ('2022-01-05 10:15:00','미국 워싱턴','Asiana',NULL,NULL,NOW(),'complete','1148209801','HrgJS8PsOM7188@test.com',NULL),
      ('2022-01-05 08:04:00','캐나다 토론토','Korair',NULL,NULL,NOW(),'complete','2308201019','HrgJS8PsOM7188@test.com',NULL),
      ('2022-01-02 02:14:00','미국 존 F.케네디','Asiana',NULL,NULL,NOW(),'complete','1148209801','HrgJS8PsOM7188@test.com',NULL),
      ('2022-01-23 05:10:00','캐나다 토론토','Korair',NULL,NULL,NOW(),'complete','2308201019','HrgJS8PsOM7188@test.com',NULL),
      ('2022-01-24 08:43:00','미국 존 F.케네디','Korair',NULL,NULL,NOW(),'complete','1148209801','HrgJS8PsOM7188@test.com',NULL),
      ('2022-01-15 11:28:00','캐나다 토론토','AirCanada',NULL,NULL,NOW(),'complete','2308201019','HrgJS8PsOM7188@test.com',NULL),
      ('2022-01-06 06:09:00','미국 워싱턴','Asiana',NULL,NULL,NOW(),'complete','1148209801','HrgJS8PsOM7188@test.com',NULL),
      ('2022-01-22 09:21:00','미국 워싱턴','AirCanada',NULL,NULL,NOW(),'complete','2308201019','HrgJS8PsOM7188@test.com',NULL),
      ('2022-01-12 08:36:00','미국 존 F.케네디','AirCanada',NULL,NULL,NOW(),'complete','1148209801','9060WOyPte3365@test.com',NULL),
      ('2022-01-02 07:36:00','미국 존 F.케네디','Korair',NULL,NULL,NOW(),'complete','2308201019','9060WOyPte3365@test.com',NULL),
      ('2022-01-22 12:54:00','미국 워싱턴','Asiana',NULL,NULL,NOW(),'complete','1148209801','9060WOyPte3365@test.com',NULL),
      ('2022-01-11 08:53:00','캐나다 벤쿠버','Asiana',NULL,NULL,NOW(),'complete','2308201019','9060WOyPte3365@test.com',NULL),
      ('2022-01-14 10:02:00','캐나다 토론토','Korair',NULL,NULL,NOW(),'complete','1148209801','9060WOyPte3365@test.com',NULL),
      ('2022-01-21 09:41:00','캐나다 벤쿠버','Korair',NULL,NULL,NOW(),'complete','2308201019','9060WOyPte3365@test.com',NULL),
      ('2022-01-04 08:08:00','캐나다 벤쿠버','Asiana',NULL,NULL,NOW(),'complete','1148209801','9060WOyPte3365@test.com',NULL),
      ('2022-01-27 03:55:00','캐나다 벤쿠버','Asiana',NULL,NULL,NOW(),'complete','2308201019','9060WOyPte3365@test.com',NULL),
      ('2022-01-05 01:27:00','미국 존 F.케네디','AirCanada',NULL,NULL,NOW(),'complete','1148209801','UhDe1ZBe926620@test.com',NULL),
      ('2022-01-18 06:56:00','미국 워싱턴','Asiana',NULL,NULL,NOW(),'complete','2308201019','UhDe1ZBe926620@test.com',NULL),
      ('2022-01-25 08:28:00','미국 워싱턴','Korair',NULL,NULL,NOW(),'complete','1148209801','UhDe1ZBe926620@test.com',NULL),
      ('2022-01-11 10:07:00','캐나다 토론토','Korair',NULL,NULL,NOW(),'complete','2308201019','UhDe1ZBe926620@test.com',NULL),
      ('2022-01-12 09:29:00','미국 워싱턴','Asiana',NULL,NULL,NOW(),'complete','1148209801','UhDe1ZBe926620@test.com',NULL),
      ('2022-01-22 04:09:00','캐나다 벤쿠버','Asiana',NULL,NULL,NOW(),'complete','2308201019','UhDe1ZBe926620@test.com',NULL),
      ('2022-01-21 06:04:00','미국 존 F.케네디','Asiana',NULL,NULL,NOW(),'complete','1148209801','UhDe1ZBe926620@test.com',NULL),
      ('2022-01-13 04:14:00','캐나다 벤쿠버','AirCanada',NULL,NULL,NOW(),'complete','2308201019','UhDe1ZBe926620@test.com',NULL),
      ('2022-01-05 08:13:00','미국 워싱턴','Korair',NULL,NULL,NOW(),'complete','1148209801','V6uQbNAeyx4806@test.com',NULL),
      ('2022-01-09 08:52:00','미국 워싱턴','AirCanada',NULL,NULL,NOW(),'complete','2308201019','V6uQbNAeyx4806@test.com',NULL),
      ('2022-01-04 04:43:00','캐나다 토론토','Korair',NULL,NULL,NOW(),'complete','1148209801','V6uQbNAeyx4806@test.com',NULL),
      ('2022-01-08 12:48:00','미국 워싱턴','Korair',NULL,NULL,NOW(),'complete','2308201019','V6uQbNAeyx4806@test.com',NULL),
      ('2022-01-16 11:39:00','캐나다 벤쿠버','Asiana',NULL,NULL,NOW(),'complete','1148209801','V6uQbNAeyx4806@test.com',NULL),
      ('2022-01-21 04:55:00','캐나다 토론토','AirCanada',NULL,NULL,NOW(),'complete','2308201019','V6uQbNAeyx4806@test.com',NULL),
      ('2022-01-26 06:43:00','캐나다 벤쿠버','Asiana',NULL,NULL,NOW(),'complete','1148209801','V6uQbNAeyx4806@test.com',NULL),
      ('2022-01-14 08:08:00','캐나다 벤쿠버','AirCanada',NULL,NULL,NOW(),'complete','2308201019','V6uQbNAeyx4806@test.com',NULL),
      ('2022-01-20 10:07:00','캐나다 토론토','AirCanada',NULL,NULL,NOW(),'complete','1148209801','am3OpIOcBR4663@test.com',NULL),
      ('2022-01-27 12:58:00','캐나다 벤쿠버','Asiana',NULL,NULL,NOW(),'complete','2308201019','am3OpIOcBR4663@test.com',NULL),
      ('2022-01-27 04:18:00','캐나다 벤쿠버','Asiana',NULL,NULL,NOW(),'complete','1148209801','am3OpIOcBR4663@test.com',NULL),
      ('2022-01-10 03:17:00','미국 존 F.케네디','Korair',NULL,NULL,NOW(),'complete','2308201019','am3OpIOcBR4663@test.com',NULL),
      ('2022-01-20 08:46:00','캐나다 토론토','Korair',NULL,NULL,NOW(),'complete','1148209801','am3OpIOcBR4663@test.com',NULL),
      ('2022-01-20 01:43:00','미국 워싱턴','Asiana',NULL,NULL,NOW(),'complete','2308201019','am3OpIOcBR4663@test.com',NULL),
      ('2022-01-03 06:52:00','캐나다 벤쿠버','Asiana',NULL,NULL,NOW(),'complete','1148209801','am3OpIOcBR4663@test.com',NULL),
      ('2022-01-10 02:26:00','캐나다 벤쿠버','Korair',NULL,NULL,NOW(),'complete','2308201019','am3OpIOcBR4663@test.com',NULL),
      ('2022-01-03 12:09:00','미국 워싱턴','AirCanada',NULL,NULL,NOW(),'complete','1148209801','e9cMqRXuzi5686@test.com',NULL),
      ('2022-01-01 02:49:00','캐나다 토론토','Asiana',NULL,NULL,NOW(),'complete','2308201019','e9cMqRXuzi5686@test.com',NULL),
      ('2022-01-05 01:54:00','미국 존 F.케네디','AirCanada',NULL,NULL,NOW(),'complete','1148209801','e9cMqRXuzi5686@test.com',NULL),
      ('2022-01-18 05:37:00','미국 존 F.케네디','Korair',NULL,NULL,NOW(),'complete','2308201019','e9cMqRXuzi5686@test.com',NULL),
      ('2022-01-25 08:30:00','캐나다 벤쿠버','Asiana',NULL,NULL,NOW(),'complete','1148209801','e9cMqRXuzi5686@test.com',NULL),
      ('2022-01-12 06:42:00','미국 존 F.케네디','Korair',NULL,NULL,NOW(),'complete','2308201019','e9cMqRXuzi5686@test.com',NULL),
      ('2022-01-14 12:19:00','캐나다 벤쿠버','AirCanada',NULL,NULL,NOW(),'complete','1148209801','e9cMqRXuzi5686@test.com',NULL),
      ('2022-01-06 05:01:00','캐나다 벤쿠버','AirCanada',NULL,NULL,NOW(),'complete','2308201019','e9cMqRXuzi5686@test.com',NULL),
      ('2022-01-26 03:02:00','캐나다 토론토','Korair',NULL,NULL,NOW(),'complete','1148209801','8upaeoeL0P1181@test.com',NULL),
      ('2022-01-11 09:47:00','미국 존 F.케네디','Korair',NULL,NULL,NOW(),'complete','2308201019','8upaeoeL0P1181@test.com',NULL),
      ('2022-01-07 08:58:00','캐나다 토론토','AirCanada',NULL,NULL,NOW(),'complete','1148209801','8upaeoeL0P1181@test.com',NULL),
      ('2022-01-15 11:13:00','캐나다 토론토','Asiana',NULL,NULL,NOW(),'complete','2308201019','8upaeoeL0P1181@test.com',NULL),
      ('2022-01-07 09:16:00','캐나다 벤쿠버','Asiana',NULL,NULL,NOW(),'complete','1148209801','8upaeoeL0P1181@test.com',NULL),
      ('2022-01-07 08:17:00','미국 존 F.케네디','Asiana',NULL,NULL,NOW(),'complete','2308201019','8upaeoeL0P1181@test.com',NULL),
      ('2022-01-20 07:32:00','캐나다 벤쿠버','AirCanada',NULL,NULL,NOW(),'complete','1148209801','8upaeoeL0P1181@test.com',NULL),
      ('2022-01-23 01:54:00','캐나다 벤쿠버','Asiana',NULL,NULL,NOW(),'complete','2308201019','8upaeoeL0P1181@test.com',NULL),
      ('2022-01-21 11:14:00','캐나다 벤쿠버','Asiana',NULL,NULL,NOW(),'complete','1148209801','g5MKJ41qKY6184@test.com',NULL),
      ('2022-01-12 09:14:00','캐나다 벤쿠버','Korair',NULL,NULL,NOW(),'complete','2308201019','g5MKJ41qKY6184@test.com',NULL),
      ('2022-01-15 01:54:00','미국 존 F.케네디','AirCanada',NULL,NULL,NOW(),'complete','1148209801','g5MKJ41qKY6184@test.com',NULL),
      ('2022-01-08 07:13:00','미국 워싱턴','Korair',NULL,NULL,NOW(),'complete','2308201019','g5MKJ41qKY6184@test.com',NULL),
      ('2022-01-21 10:41:00','캐나다 토론토','Asiana',NULL,NULL,NOW(),'complete','1148209801','g5MKJ41qKY6184@test.com',NULL),
      ('2022-01-01 07:49:00','캐나다 토론토','AirCanada',NULL,NULL,NOW(),'complete','2308201019','g5MKJ41qKY6184@test.com',NULL),
      ('2022-01-23 07:14:00','미국 존 F.케네디','Korair',NULL,NULL,NOW(),'complete','1148209801','g5MKJ41qKY6184@test.com',NULL),
      ('2022-01-01 09:54:00','미국 워싱턴','AirCanada',NULL,NULL,NOW(),'complete','2308201019','g5MKJ41qKY6184@test.com',NULL),
      ('2022-01-27 09:14:00','미국 워싱턴','Asiana',NULL,NULL,NOW(),'complete','1148209801','KgRLCQJSl41715@test.com',NULL),
      ('2022-01-16 04:23:00','미국 워싱턴','Korair',NULL,NULL,NOW(),'complete','2308201019','KgRLCQJSl41715@test.com',NULL),
      ('2022-01-18 12:14:00','캐나다 벤쿠버','AirCanada',NULL,NULL,NOW(),'complete','1148209801','KgRLCQJSl41715@test.com',NULL),
      ('2022-01-18 05:29:00','미국 존 F.케네디','Asiana',NULL,NULL,NOW(),'complete','2308201019','KgRLCQJSl41715@test.com',NULL),
      ('2022-01-23 06:21:00','캐나다 토론토','Asiana',NULL,NULL,NOW(),'complete','1148209801','KgRLCQJSl41715@test.com',NULL),
      ('2022-01-15 11:31:00','캐나다 토론토','Korair',NULL,NULL,NOW(),'complete','2308201019','KgRLCQJSl41715@test.com',NULL),
      ('2022-01-07 11:37:00','미국 워싱턴','AirCanada',NULL,NULL,NOW(),'complete','1148209801','KgRLCQJSl41715@test.com',NULL),
      ('2022-01-09 01:50:00','미국 존 F.케네디','Korair',NULL,NULL,NOW(),'complete','2308201019','KgRLCQJSl41715@test.com',NULL),
      ('2022-01-21 08:07:00','미국 존 F.케네디','Asiana',NULL,NULL,NOW(),'complete','1148209801','5Rvxeu8XHG2750@test.com',NULL),
      ('2022-01-15 02:47:00','미국 존 F.케네디','Asiana',NULL,NULL,NOW(),'complete','2308201019','5Rvxeu8XHG2750@test.com',NULL),
      ('2022-01-12 12:39:00','미국 워싱턴','AirCanada',NULL,NULL,NOW(),'complete','1148209801','5Rvxeu8XHG2750@test.com',NULL),
      ('2022-01-25 05:49:00','미국 워싱턴','Korair',NULL,NULL,NOW(),'complete','2308201019','5Rvxeu8XHG2750@test.com',NULL),
      ('2022-01-25 06:59:00','캐나다 토론토','Asiana',NULL,NULL,NOW(),'complete','1148209801','5Rvxeu8XHG2750@test.com',NULL),
      ('2022-01-10 06:52:00','캐나다 토론토','Korair',NULL,NULL,NOW(),'complete','2308201019','5Rvxeu8XHG2750@test.com',NULL),
      ('2022-01-08 06:08:00','미국 워싱턴','Korair',NULL,NULL,NOW(),'complete','1148209801','5Rvxeu8XHG2750@test.com',NULL),
      ('2022-01-12 02:48:00','캐나다 토론토','AirCanada',NULL,NULL,NOW(),'complete','2308201019','5Rvxeu8XHG2750@test.com',NULL),
      ('2022-01-05 09:07:00','미국 존 F.케네디','Korair',NULL,NULL,NOW(),'complete','1148209801','f4N5uukvE05871@test.com',NULL),
      ('2022-01-24 04:25:00','캐나다 벤쿠버','Asiana',NULL,NULL,NOW(),'complete','2308201019','f4N5uukvE05871@test.com',NULL),
      ('2022-01-17 05:37:00','미국 존 F.케네디','Korair',NULL,NULL,NOW(),'complete','1148209801','f4N5uukvE05871@test.com',NULL),
      ('2022-01-16 11:37:00','미국 워싱턴','AirCanada',NULL,NULL,NOW(),'complete','2308201019','f4N5uukvE05871@test.com',NULL),
      ('2022-01-06 09:56:00','미국 워싱턴','Korair',NULL,NULL,NOW(),'complete','1148209801','f4N5uukvE05871@test.com',NULL),
      ('2022-01-03 09:23:00','미국 존 F.케네디','AirCanada',NULL,NULL,NOW(),'complete','2308201019','f4N5uukvE05871@test.com',NULL),
      ('2022-01-01 04:39:00','미국 존 F.케네디','AirCanada',NULL,NULL,NOW(),'complete','1148209801','f4N5uukvE05871@test.com',NULL),
      ('2022-01-24 07:24:00','미국 존 F.케네디','Asiana',NULL,NULL,NOW(),'complete','2308201019','f4N5uukvE05871@test.com',NULL),
      ('2022-01-13 09:17:00','캐나다 토론토','Korair',NULL,NULL,NOW(),'complete','1148209801','Umic8P6A8r3831@test.com',NULL),
      ('2022-01-12 01:52:00','미국 존 F.케네디','AirCanada',NULL,NULL,NOW(),'complete','2308201019','Umic8P6A8r3831@test.com',NULL),
      ('2022-01-20 08:10:00','미국 존 F.케네디','Asiana',NULL,NULL,NOW(),'complete','1148209801','Umic8P6A8r3831@test.com',NULL),
      ('2022-01-12 02:30:00','미국 존 F.케네디','Korair',NULL,NULL,NOW(),'complete','2308201019','Umic8P6A8r3831@test.com',NULL),
      ('2022-01-15 06:16:00','캐나다 벤쿠버','Asiana',NULL,NULL,NOW(),'complete','1148209801','Umic8P6A8r3831@test.com',NULL),
      ('2022-01-09 09:41:00','캐나다 토론토','Asiana',NULL,NULL,NOW(),'complete','2308201019','Umic8P6A8r3831@test.com',NULL),
      ('2022-01-02 01:46:00','캐나다 토론토','Asiana',NULL,NULL,NOW(),'complete','1148209801','Umic8P6A8r3831@test.com',NULL),
      ('2022-01-27 08:48:00','캐나다 토론토','AirCanada',NULL,NULL,NOW(),'complete','2308201019','Umic8P6A8r3831@test.com',NULL),
      ('2022-01-08 05:52:00','캐나다 토론토','AirCanada',NULL,NULL,NOW(),'complete','1148209801','IpXYNU2fwK7385@test.com',NULL),
      ('2022-01-02 03:58:00','캐나다 벤쿠버','AirCanada',NULL,NULL,NOW(),'complete','2308201019','IpXYNU2fwK7385@test.com',NULL),
      ('2022-01-06 02:53:00','캐나다 토론토','Korair',NULL,NULL,NOW(),'complete','1148209801','IpXYNU2fwK7385@test.com',NULL),
      ('2022-01-28 09:20:00','캐나다 벤쿠버','AirCanada',NULL,NULL,NOW(),'complete','2308201019','IpXYNU2fwK7385@test.com',NULL),
      ('2022-01-17 04:59:00','캐나다 토론토','Asiana',NULL,NULL,NOW(),'complete','1148209801','IpXYNU2fwK7385@test.com',NULL),
      ('2022-01-14 02:50:00','캐나다 벤쿠버','Asiana',NULL,NULL,NOW(),'complete','2308201019','IpXYNU2fwK7385@test.com',NULL),
      ('2022-01-28 08:25:00','캐나다 토론토','AirCanada',NULL,NULL,NOW(),'complete','1148209801','IpXYNU2fwK7385@test.com',NULL),
      ('2022-01-22 04:00:00','캐나다 벤쿠버','AirCanada',NULL,NULL,NOW(),'complete','2308201019','IpXYNU2fwK7385@test.com',NULL),
      ('2022-01-04 04:57:00','캐나다 토론토','AirCanada',NULL,NULL,NOW(),'complete','1148209801','BD6ZRHZqMq8638@test.com',NULL),
      ('2022-01-21 11:52:00','캐나다 벤쿠버','Asiana',NULL,NULL,NOW(),'complete','2308201019','BD6ZRHZqMq8638@test.com',NULL),
      ('2022-01-12 10:19:00','미국 존 F.케네디','AirCanada',NULL,NULL,NOW(),'complete','1148209801','BD6ZRHZqMq8638@test.com',NULL),
      ('2022-01-20 01:39:00','캐나다 토론토','Asiana',NULL,NULL,NOW(),'complete','2308201019','BD6ZRHZqMq8638@test.com',NULL),
      ('2022-01-13 12:19:00','캐나다 벤쿠버','Korair',NULL,NULL,NOW(),'complete','1148209801','BD6ZRHZqMq8638@test.com',NULL),
      ('2022-01-28 01:44:00','미국 존 F.케네디','AirCanada',NULL,NULL,NOW(),'complete','2308201019','BD6ZRHZqMq8638@test.com',NULL),
      ('2022-01-28 06:06:00','미국 존 F.케네디','Korair',NULL,NULL,NOW(),'complete','1148209801','BD6ZRHZqMq8638@test.com',NULL),
      ('2022-01-21 02:46:00','미국 존 F.케네디','AirCanada',NULL,NULL,NOW(),'complete','2308201019','BD6ZRHZqMq8638@test.com',NULL),
      ('2022-01-01 11:17:00','미국 존 F.케네디','AirCanada',NULL,NULL,NOW(),'complete','1148209801','lDlxVSCfDK3153@test.com',NULL),
      ('2022-01-19 03:34:00','캐나다 토론토','Asiana',NULL,NULL,NOW(),'complete','2308201019','lDlxVSCfDK3153@test.com',NULL),
      ('2022-01-06 08:24:00','미국 워싱턴','AirCanada',NULL,NULL,NOW(),'complete','1148209801','lDlxVSCfDK3153@test.com',NULL),
      ('2022-01-23 09:41:00','캐나다 벤쿠버','Korair',NULL,NULL,NOW(),'complete','2308201019','lDlxVSCfDK3153@test.com',NULL),
      ('2022-01-27 04:56:00','캐나다 토론토','AirCanada',NULL,NULL,NOW(),'complete','1148209801','lDlxVSCfDK3153@test.com',NULL),
      ('2022-01-26 10:04:00','캐나다 토론토','Asiana',NULL,NULL,NOW(),'complete','2308201019','lDlxVSCfDK3153@test.com',NULL),
      ('2022-01-23 12:24:00','캐나다 토론토','Korair',NULL,NULL,NOW(),'complete','1148209801','lDlxVSCfDK3153@test.com',NULL),
      ('2022-01-05 11:55:00','미국 워싱턴','AirCanada',NULL,NULL,NOW(),'complete','2308201019','lDlxVSCfDK3153@test.com',NULL),
      ('2022-01-20 06:29:00','미국 존 F.케네디','Korair',NULL,NULL,NOW(),'complete','1148209801','3vCmCvebKq3183@test.com',NULL),
      ('2022-01-23 02:16:00','미국 존 F.케네디','Korair',NULL,NULL,NOW(),'complete','2308201019','3vCmCvebKq3183@test.com',NULL),
      ('2022-01-12 10:16:00','캐나다 벤쿠버','Asiana',NULL,NULL,NOW(),'complete','1148209801','3vCmCvebKq3183@test.com',NULL),
      ('2022-01-10 02:08:00','미국 존 F.케네디','AirCanada',NULL,NULL,NOW(),'complete','2308201019','3vCmCvebKq3183@test.com',NULL),
      ('2022-01-01 07:29:00','캐나다 벤쿠버','AirCanada',NULL,NULL,NOW(),'complete','1148209801','3vCmCvebKq3183@test.com',NULL),
      ('2022-01-05 09:43:00','미국 워싱턴','Korair',NULL,NULL,NOW(),'complete','2308201019','3vCmCvebKq3183@test.com',NULL),
      ('2022-01-18 07:30:00','캐나다 벤쿠버','Asiana',NULL,NULL,NOW(),'complete','1148209801','3vCmCvebKq3183@test.com',NULL),
      ('2022-01-01 07:10:00','미국 존 F.케네디','Korair',NULL,NULL,NOW(),'complete','2308201019','3vCmCvebKq3183@test.com',NULL),
      ('2022-01-12 09:04:00','미국 워싱턴','AirCanada',NULL,NULL,NOW(),'complete','1148209801','RKcAkAnn7B5166@test.com',NULL),
      ('2022-01-02 12:55:00','미국 워싱턴','Asiana',NULL,NULL,NOW(),'complete','2308201019','RKcAkAnn7B5166@test.com',NULL),
      ('2022-01-04 03:00:00','미국 워싱턴','Asiana',NULL,NULL,NOW(),'complete','1148209801','RKcAkAnn7B5166@test.com',NULL),
      ('2022-01-13 06:37:00','캐나다 벤쿠버','Asiana',NULL,NULL,NOW(),'complete','2308201019','RKcAkAnn7B5166@test.com',NULL),
      ('2022-01-21 11:55:00','캐나다 벤쿠버','AirCanada',NULL,NULL,NOW(),'complete','1148209801','RKcAkAnn7B5166@test.com',NULL),
      ('2022-01-07 08:58:00','미국 존 F.케네디','Asiana',NULL,NULL,NOW(),'complete','2308201019','RKcAkAnn7B5166@test.com',NULL),
      ('2022-01-03 04:03:00','캐나다 벤쿠버','Korair',NULL,NULL,NOW(),'complete','1148209801','RKcAkAnn7B5166@test.com',NULL),
      ('2022-01-10 11:33:00','미국 존 F.케네디','AirCanada',NULL,NULL,NOW(),'complete','2308201019','RKcAkAnn7B5166@test.com',NULL),
      ('2022-01-07 02:50:00','캐나다 토론토','Asiana',NULL,NULL,NOW(),'complete','1148209801','ObRKOnMVOJ6127@test.com',NULL),
      ('2022-01-16 02:14:00','캐나다 벤쿠버','AirCanada',NULL,NULL,NOW(),'complete','2308201019','ObRKOnMVOJ6127@test.com',NULL),
      ('2022-01-18 08:57:00','캐나다 벤쿠버','Korair',NULL,NULL,NOW(),'complete','1148209801','ObRKOnMVOJ6127@test.com',NULL),
      ('2022-01-25 06:28:00','캐나다 벤쿠버','AirCanada',NULL,NULL,NOW(),'complete','2308201019','ObRKOnMVOJ6127@test.com',NULL),
      ('2022-01-03 11:34:00','미국 워싱턴','Asiana',NULL,NULL,NOW(),'complete','1148209801','ObRKOnMVOJ6127@test.com',NULL),
      ('2022-01-09 04:57:00','캐나다 토론토','AirCanada',NULL,NULL,NOW(),'complete','2308201019','ObRKOnMVOJ6127@test.com',NULL),
      ('2022-01-11 07:24:00','캐나다 벤쿠버','AirCanada',NULL,NULL,NOW(),'complete','1148209801','ObRKOnMVOJ6127@test.com',NULL),
      ('2022-01-05 01:13:00','캐나다 토론토','Asiana',NULL,NULL,NOW(),'complete','2308201019','ObRKOnMVOJ6127@test.com',NULL),
      ('2022-01-28 04:42:00','캐나다 토론토','Asiana',NULL,NULL,NOW(),'complete','1148209801','yQ26B5IreI4207@test.com',NULL),
      ('2022-01-14 09:39:00','미국 존 F.케네디','Korair',NULL,NULL,NOW(),'complete','2308201019','yQ26B5IreI4207@test.com',NULL),
      ('2022-01-12 08:35:00','캐나다 벤쿠버','Korair',NULL,NULL,NOW(),'complete','1148209801','yQ26B5IreI4207@test.com',NULL),
      ('2022-01-17 04:10:00','캐나다 토론토','Asiana',NULL,NULL,NOW(),'complete','2308201019','yQ26B5IreI4207@test.com',NULL),
      ('2022-01-24 12:47:00','캐나다 토론토','Asiana',NULL,NULL,NOW(),'complete','1148209801','yQ26B5IreI4207@test.com',NULL),
      ('2022-01-03 07:49:00','캐나다 토론토','Korair',NULL,NULL,NOW(),'complete','2308201019','yQ26B5IreI4207@test.com',NULL),
      ('2022-01-03 11:14:00','캐나다 벤쿠버','Asiana',NULL,NULL,NOW(),'complete','1148209801','yQ26B5IreI4207@test.com',NULL),
      ('2022-01-06 09:59:00','캐나다 벤쿠버','Asiana',NULL,NULL,NOW(),'complete','2308201019','yQ26B5IreI4207@test.com',NULL),
      ('2022-01-02 03:08:00','캐나다 벤쿠버','AirCanada',NULL,NULL,NOW(),'complete','1148209801','MafQAdbri50277@test.com',NULL),
      ('2022-01-25 11:06:00','미국 워싱턴','AirCanada',NULL,NULL,NOW(),'complete','2308201019','MafQAdbri50277@test.com',NULL),
      ('2022-01-06 06:15:00','미국 존 F.케네디','Korair',NULL,NULL,NOW(),'complete','1148209801','MafQAdbri50277@test.com',NULL),
      ('2022-01-13 10:39:00','미국 워싱턴','Korair',NULL,NULL,NOW(),'complete','2308201019','MafQAdbri50277@test.com',NULL),
      ('2022-01-06 12:37:00','캐나다 벤쿠버','Korair',NULL,NULL,NOW(),'complete','1148209801','MafQAdbri50277@test.com',NULL),
      ('2022-01-02 11:00:00','캐나다 벤쿠버','Asiana',NULL,NULL,NOW(),'complete','2308201019','MafQAdbri50277@test.com',NULL),
      ('2022-01-27 08:58:00','캐나다 벤쿠버','Korair',NULL,NULL,NOW(),'complete','1148209801','MafQAdbri50277@test.com',NULL),
      ('2022-01-13 03:09:00','미국 존 F.케네디','AirCanada',NULL,NULL,NOW(),'complete','2308201019','MafQAdbri50277@test.com',NULL),
      ('2022-01-20 10:25:00','캐나다 토론토','AirCanada',NULL,NULL,NOW(),'complete','1148209801','5xFR4F0szI8887@test.com',NULL),
      ('2022-01-06 01:49:00','캐나다 벤쿠버','Asiana',NULL,NULL,NOW(),'complete','2308201019','5xFR4F0szI8887@test.com',NULL),
      ('2022-01-19 09:10:00','미국 존 F.케네디','Asiana',NULL,NULL,NOW(),'complete','1148209801','5xFR4F0szI8887@test.com',NULL),
      ('2022-01-21 05:15:00','미국 워싱턴','AirCanada',NULL,NULL,NOW(),'complete','2308201019','5xFR4F0szI8887@test.com',NULL),
      ('2022-01-27 05:56:00','미국 존 F.케네디','AirCanada',NULL,NULL,NOW(),'complete','1148209801','5xFR4F0szI8887@test.com',NULL),
      ('2022-01-10 09:15:00','캐나다 토론토','Asiana',NULL,NULL,NOW(),'complete','2308201019','5xFR4F0szI8887@test.com',NULL),
      ('2022-01-26 10:30:00','미국 존 F.케네디','Asiana',NULL,NULL,NOW(),'complete','1148209801','5xFR4F0szI8887@test.com',NULL),
      ('2022-01-11 01:14:00','캐나다 벤쿠버','Korair',NULL,NULL,NOW(),'complete','2308201019','5xFR4F0szI8887@test.com',NULL),
      ('2022-01-13 06:36:00','미국 워싱턴','Asiana',NULL,NULL,NOW(),'complete','1148209801','VLIdQIcgWP8071@test.com',NULL),
      ('2022-01-16 10:12:00','캐나다 벤쿠버','AirCanada',NULL,NULL,NOW(),'complete','2308201019','VLIdQIcgWP8071@test.com',NULL),
      ('2022-01-11 08:22:00','미국 존 F.케네디','Korair',NULL,NULL,NOW(),'complete','1148209801','VLIdQIcgWP8071@test.com',NULL),
      ('2022-01-09 11:05:00','미국 존 F.케네디','Korair',NULL,NULL,NOW(),'complete','2308201019','VLIdQIcgWP8071@test.com',NULL),
      ('2022-01-14 05:57:00','캐나다 벤쿠버','Asiana',NULL,NULL,NOW(),'complete','1148209801','VLIdQIcgWP8071@test.com',NULL),
      ('2022-01-05 08:17:00','캐나다 토론토','Asiana',NULL,NULL,NOW(),'complete','2308201019','VLIdQIcgWP8071@test.com',NULL),
      ('2022-01-23 01:17:00','미국 워싱턴','AirCanada',NULL,NULL,NOW(),'complete','1148209801','VLIdQIcgWP8071@test.com',NULL),
      ('2022-01-09 01:50:00','미국 워싱턴','Korair',NULL,NULL,NOW(),'complete','2308201019','VLIdQIcgWP8071@test.com',NULL),
      ('2022-01-08 11:03:00','캐나다 토론토','Asiana',NULL,NULL,NOW(),'complete','1148209801','IQ7IHnKzuc7766@test.com',NULL),
      ('2022-01-22 09:35:00','캐나다 토론토','Asiana',NULL,NULL,NOW(),'complete','2308201019','IQ7IHnKzuc7766@test.com',NULL),
      ('2022-01-25 12:48:00','미국 존 F.케네디','Asiana',NULL,NULL,NOW(),'complete','1148209801','IQ7IHnKzuc7766@test.com',NULL),
      ('2022-01-19 08:06:00','캐나다 벤쿠버','Asiana',NULL,NULL,NOW(),'complete','2308201019','IQ7IHnKzuc7766@test.com',NULL),
      ('2022-01-20 02:01:00','캐나다 토론토','Asiana',NULL,NULL,NOW(),'complete','1148209801','IQ7IHnKzuc7766@test.com',NULL),
      ('2022-01-19 03:40:00','미국 워싱턴','Asiana',NULL,NULL,NOW(),'complete','2308201019','IQ7IHnKzuc7766@test.com',NULL),
      ('2022-01-05 05:35:00','캐나다 벤쿠버','AirCanada',NULL,NULL,NOW(),'complete','1148209801','IQ7IHnKzuc7766@test.com',NULL),
      ('2022-01-13 09:39:00','캐나다 벤쿠버','Korair',NULL,NULL,NOW(),'complete','2308201019','IQ7IHnKzuc7766@test.com',NULL),
      ('2022-01-24 05:36:00','캐나다 토론토','Asiana',NULL,NULL,NOW(),'complete','1148209801','lFOger6mht7125@test.com',NULL),
      ('2022-01-01 12:40:00','미국 워싱턴','Asiana',NULL,NULL,NOW(),'complete','2308201019','lFOger6mht7125@test.com',NULL),
      ('2022-01-13 12:35:00','미국 워싱턴','Asiana',NULL,NULL,NOW(),'complete','1148209801','lFOger6mht7125@test.com',NULL),
      ('2022-01-02 08:03:00','캐나다 벤쿠버','Asiana',NULL,NULL,NOW(),'complete','2308201019','lFOger6mht7125@test.com',NULL),
      ('2022-01-21 07:06:00','미국 워싱턴','Asiana',NULL,NULL,NOW(),'complete','1148209801','lFOger6mht7125@test.com',NULL),
      ('2022-01-24 08:40:00','미국 존 F.케네디','AirCanada',NULL,NULL,NOW(),'complete','2308201019','lFOger6mht7125@test.com',NULL),
      ('2022-01-03 11:34:00','미국 존 F.케네디','AirCanada',NULL,NULL,NOW(),'complete','1148209801','lFOger6mht7125@test.com',NULL),
      ('2022-01-18 03:25:00','미국 워싱턴','Korair',NULL,NULL,NOW(),'complete','2308201019','lFOger6mht7125@test.com',NULL),
      ('2022-01-15 11:56:00','미국 워싱턴','Asiana',NULL,NULL,NOW(),'complete','1148209801','gxRgjXtDim1772@test.com',NULL),
      ('2022-01-04 12:30:00','미국 워싱턴','Korair',NULL,NULL,NOW(),'complete','2308201019','gxRgjXtDim1772@test.com',NULL),
      ('2022-01-25 10:54:00','캐나다 토론토','Korair',NULL,NULL,NOW(),'complete','1148209801','gxRgjXtDim1772@test.com',NULL),
      ('2022-01-06 01:10:00','미국 존 F.케네디','Korair',NULL,NULL,NOW(),'complete','2308201019','gxRgjXtDim1772@test.com',NULL),
      ('2022-01-25 12:22:00','미국 존 F.케네디','Korair',NULL,NULL,NOW(),'complete','1148209801','gxRgjXtDim1772@test.com',NULL),
      ('2022-01-12 05:39:00','캐나다 벤쿠버','AirCanada',NULL,NULL,NOW(),'complete','2308201019','gxRgjXtDim1772@test.com',NULL),
      ('2022-01-24 02:37:00','미국 존 F.케네디','AirCanada',NULL,NULL,NOW(),'complete','1148209801','gxRgjXtDim1772@test.com',NULL),
      ('2022-01-04 09:13:00','미국 워싱턴','Asiana',NULL,NULL,NOW(),'complete','2308201019','gxRgjXtDim1772@test.com',NULL),
      ('2022-01-02 06:46:00','캐나다 토론토','Asiana',NULL,NULL,NOW(),'complete','1148209801','ujN21ry7QT3305@test.com',NULL),
      ('2022-01-13 06:40:00','미국 존 F.케네디','Korair',NULL,NULL,NOW(),'complete','2308201019','ujN21ry7QT3305@test.com',NULL),
      ('2022-01-04 05:27:00','미국 워싱턴','AirCanada',NULL,NULL,NOW(),'complete','1148209801','ujN21ry7QT3305@test.com',NULL),
      ('2022-01-01 11:20:00','캐나다 토론토','Korair',NULL,NULL,NOW(),'complete','2308201019','ujN21ry7QT3305@test.com',NULL),
      ('2022-01-16 10:55:00','캐나다 토론토','Korair',NULL,NULL,NOW(),'complete','1148209801','ujN21ry7QT3305@test.com',NULL),
      ('2022-01-24 07:05:00','캐나다 토론토','Asiana',NULL,NULL,NOW(),'complete','2308201019','ujN21ry7QT3305@test.com',NULL),
      ('2022-01-15 08:48:00','캐나다 벤쿠버','AirCanada',NULL,NULL,NOW(),'complete','1148209801','ujN21ry7QT3305@test.com',NULL),
      ('2022-01-04 11:30:00','캐나다 토론토','Asiana',NULL,NULL,NOW(),'complete','2308201019','ujN21ry7QT3305@test.com',NULL),
      ('2022-01-16 03:35:00','미국 존 F.케네디','Asiana',NULL,NULL,NOW(),'complete','1148209801','Sed6D6dPy23166@test.com',NULL),
      ('2022-01-18 10:57:00','캐나다 벤쿠버','Asiana',NULL,NULL,NOW(),'complete','2308201019','Sed6D6dPy23166@test.com',NULL),
      ('2022-01-22 07:20:00','캐나다 벤쿠버','Korair',NULL,NULL,NOW(),'complete','1148209801','Sed6D6dPy23166@test.com',NULL),
      ('2022-01-24 04:52:00','캐나다 벤쿠버','Korair',NULL,NULL,NOW(),'complete','2308201019','Sed6D6dPy23166@test.com',NULL),
      ('2022-01-26 01:21:00','미국 워싱턴','Korair',NULL,NULL,NOW(),'complete','1148209801','Sed6D6dPy23166@test.com',NULL),
      ('2022-01-18 07:03:00','캐나다 토론토','AirCanada',NULL,NULL,NOW(),'complete','2308201019','Sed6D6dPy23166@test.com',NULL),
      ('2022-01-04 09:40:00','미국 워싱턴','Asiana',NULL,NULL,NOW(),'complete','1148209801','Sed6D6dPy23166@test.com',NULL),
      ('2022-01-28 12:52:00','캐나다 토론토','Asiana',NULL,NULL,NOW(),'complete','2308201019','Sed6D6dPy23166@test.com',NULL),
      ('2022-01-18 11:34:00','캐나다 벤쿠버','Korair',NULL,NULL,NOW(),'complete','1148209801','TKBJoWHNy73875@test.com',NULL),
      ('2022-01-12 08:29:00','캐나다 벤쿠버','Asiana',NULL,NULL,NOW(),'complete','2308201019','TKBJoWHNy73875@test.com',NULL),
      ('2022-01-05 09:25:00','미국 존 F.케네디','Korair',NULL,NULL,NOW(),'complete','1148209801','TKBJoWHNy73875@test.com',NULL),
      ('2022-01-18 12:26:00','캐나다 벤쿠버','Asiana',NULL,NULL,NOW(),'complete','2308201019','TKBJoWHNy73875@test.com',NULL),
      ('2022-01-06 07:43:00','미국 워싱턴','AirCanada',NULL,NULL,NOW(),'complete','1148209801','TKBJoWHNy73875@test.com',NULL),
      ('2022-01-17 05:20:00','미국 존 F.케네디','Korair',NULL,NULL,NOW(),'complete','2308201019','TKBJoWHNy73875@test.com',NULL),
      ('2022-01-15 09:30:00','미국 존 F.케네디','Korair',NULL,NULL,NOW(),'complete','1148209801','TKBJoWHNy73875@test.com',NULL),
      ('2022-01-06 03:09:00','캐나다 벤쿠버','Asiana',NULL,NULL,NOW(),'complete','2308201019','TKBJoWHNy73875@test.com',NULL),
      ('2022-01-27 01:28:00','미국 존 F.케네디','AirCanada',NULL,NULL,NOW(),'complete','1148209801','IAGX87GBFZ0816@test.com',NULL),
      ('2022-01-15 05:20:00','캐나다 벤쿠버','Asiana',NULL,NULL,NOW(),'complete','2308201019','IAGX87GBFZ0816@test.com',NULL),
      ('2022-01-12 01:04:00','미국 워싱턴','Asiana',NULL,NULL,NOW(),'complete','1148209801','IAGX87GBFZ0816@test.com',NULL),
      ('2022-01-12 11:36:00','미국 존 F.케네디','Korair',NULL,NULL,NOW(),'complete','2308201019','IAGX87GBFZ0816@test.com',NULL),
      ('2022-01-13 03:24:00','미국 존 F.케네디','Korair',NULL,NULL,NOW(),'complete','1148209801','IAGX87GBFZ0816@test.com',NULL),
      ('2022-01-11 03:54:00','캐나다 토론토','Korair',NULL,NULL,NOW(),'complete','2308201019','IAGX87GBFZ0816@test.com',NULL),
      ('2022-01-24 01:00:00','미국 존 F.케네디','AirCanada',NULL,NULL,NOW(),'complete','1148209801','IAGX87GBFZ0816@test.com',NULL),
      ('2022-01-16 01:40:00','미국 워싱턴','Asiana',NULL,NULL,NOW(),'complete','2308201019','IAGX87GBFZ0816@test.com',NULL),
      ('2022-01-05 07:47:00','미국 워싱턴','Korair',NULL,NULL,NOW(),'complete','1148209801','YGrD1yXUTx7366@test.com',NULL),
      ('2022-01-16 11:01:00','캐나다 토론토','Asiana',NULL,NULL,NOW(),'complete','2308201019','YGrD1yXUTx7366@test.com',NULL),
      ('2022-01-08 11:35:00','캐나다 벤쿠버','Asiana',NULL,NULL,NOW(),'complete','1148209801','YGrD1yXUTx7366@test.com',NULL),
      ('2022-01-20 11:53:00','캐나다 토론토','Asiana',NULL,NULL,NOW(),'complete','2308201019','YGrD1yXUTx7366@test.com',NULL),
      ('2022-01-24 04:30:00','캐나다 벤쿠버','Korair',NULL,NULL,NOW(),'complete','1148209801','YGrD1yXUTx7366@test.com',NULL),
      ('2022-01-06 09:41:00','캐나다 토론토','Korair',NULL,NULL,NOW(),'complete','2308201019','YGrD1yXUTx7366@test.com',NULL),
      ('2022-01-16 09:50:00','캐나다 벤쿠버','Korair',NULL,NULL,NOW(),'complete','1148209801','YGrD1yXUTx7366@test.com',NULL),
      ('2022-01-09 05:29:00','미국 워싱턴','Asiana',NULL,NULL,NOW(),'complete','2308201019','YGrD1yXUTx7366@test.com',NULL),
      ('2022-01-19 12:34:00','캐나다 벤쿠버','Asiana',NULL,NULL,NOW(),'complete','1148209801','9E8ueSOUE12884@test.com',NULL),
      ('2022-01-28 01:17:00','미국 존 F.케네디','Korair',NULL,NULL,NOW(),'complete','2308201019','9E8ueSOUE12884@test.com',NULL),
      ('2022-01-26 06:33:00','캐나다 토론토','Korair',NULL,NULL,NOW(),'complete','1148209801','9E8ueSOUE12884@test.com',NULL),
      ('2022-01-28 11:40:00','캐나다 벤쿠버','AirCanada',NULL,NULL,NOW(),'complete','2308201019','9E8ueSOUE12884@test.com',NULL),
      ('2022-01-21 09:03:00','캐나다 토론토','AirCanada',NULL,NULL,NOW(),'complete','1148209801','9E8ueSOUE12884@test.com',NULL),
      ('2022-01-09 03:02:00','미국 워싱턴','Korair',NULL,NULL,NOW(),'complete','2308201019','9E8ueSOUE12884@test.com',NULL),
      ('2022-01-14 10:34:00','미국 워싱턴','AirCanada',NULL,NULL,NOW(),'complete','1148209801','9E8ueSOUE12884@test.com',NULL),
      ('2022-01-02 03:08:00','미국 존 F.케네디','Asiana',NULL,NULL,NOW(),'complete','2308201019','9E8ueSOUE12884@test.com',NULL),
      ('2022-01-04 10:27:00','미국 존 F.케네디','Korair',NULL,NULL,NOW(),'complete','1148209801','D56kCBL4694875@test.com',NULL),
      ('2022-01-12 10:15:00','캐나다 벤쿠버','AirCanada',NULL,NULL,NOW(),'complete','2308201019','D56kCBL4694875@test.com',NULL),
      ('2022-01-16 06:14:00','캐나다 토론토','AirCanada',NULL,NULL,NOW(),'complete','1148209801','D56kCBL4694875@test.com',NULL),
      ('2022-01-08 07:04:00','캐나다 토론토','Asiana',NULL,NULL,NOW(),'complete','2308201019','D56kCBL4694875@test.com',NULL),
      ('2022-01-13 01:09:00','미국 존 F.케네디','AirCanada',NULL,NULL,NOW(),'complete','1148209801','D56kCBL4694875@test.com',NULL),
      ('2022-01-17 05:49:00','미국 존 F.케네디','Korair',NULL,NULL,NOW(),'complete','2308201019','D56kCBL4694875@test.com',NULL),
      ('2022-01-21 09:53:00','캐나다 벤쿠버','Korair',NULL,NULL,NOW(),'complete','1148209801','D56kCBL4694875@test.com',NULL),
      ('2022-01-11 08:11:00','캐나다 토론토','Korair',NULL,NULL,NOW(),'complete','2308201019','D56kCBL4694875@test.com',NULL),
      ('2022-01-25 03:05:00','캐나다 토론토','Asiana',NULL,NULL,NOW(),'complete','1148209801','U6Op9pIuqm8502@test.com',NULL),
      ('2022-01-06 10:41:00','미국 존 F.케네디','Korair',NULL,NULL,NOW(),'complete','2308201019','U6Op9pIuqm8502@test.com',NULL),
      ('2022-01-10 06:33:00','미국 워싱턴','Korair',NULL,NULL,NOW(),'complete','1148209801','U6Op9pIuqm8502@test.com',NULL),
      ('2022-01-10 02:34:00','미국 존 F.케네디','AirCanada',NULL,NULL,NOW(),'complete','2308201019','U6Op9pIuqm8502@test.com',NULL),
      ('2022-01-09 08:35:00','캐나다 벤쿠버','AirCanada',NULL,NULL,NOW(),'complete','1148209801','U6Op9pIuqm8502@test.com',NULL),
      ('2022-01-06 03:40:00','캐나다 벤쿠버','Asiana',NULL,NULL,NOW(),'complete','2308201019','U6Op9pIuqm8502@test.com',NULL),
      ('2022-01-10 03:16:00','미국 워싱턴','AirCanada',NULL,NULL,NOW(),'complete','1148209801','U6Op9pIuqm8502@test.com',NULL),
      ('2022-01-03 09:24:00','캐나다 토론토','Asiana',NULL,NULL,NOW(),'complete','2308201019','U6Op9pIuqm8502@test.com',NULL),
      ('2022-01-14 04:43:00','캐나다 토론토','Korair',NULL,NULL,NOW(),'complete','1148209801','7wypmrxX4r7736@test.com',NULL),
      ('2022-01-28 04:05:00','캐나다 벤쿠버','AirCanada',NULL,NULL,NOW(),'complete','2308201019','7wypmrxX4r7736@test.com',NULL),
      ('2022-01-26 10:19:00','캐나다 벤쿠버','Korair',NULL,NULL,NOW(),'complete','1148209801','7wypmrxX4r7736@test.com',NULL),
      ('2022-01-09 12:19:00','미국 존 F.케네디','Asiana',NULL,NULL,NOW(),'complete','2308201019','7wypmrxX4r7736@test.com',NULL),
      ('2022-01-01 01:53:00','미국 존 F.케네디','AirCanada',NULL,NULL,NOW(),'complete','1148209801','7wypmrxX4r7736@test.com',NULL),
      ('2022-01-15 11:23:00','캐나다 벤쿠버','Asiana',NULL,NULL,NOW(),'complete','2308201019','7wypmrxX4r7736@test.com',NULL),
      ('2022-01-15 04:19:00','캐나다 토론토','AirCanada',NULL,NULL,NOW(),'complete','1148209801','7wypmrxX4r7736@test.com',NULL),
      ('2022-01-14 07:36:00','미국 존 F.케네디','Asiana',NULL,NULL,NOW(),'complete','2308201019','7wypmrxX4r7736@test.com',NULL),
      ('2022-01-21 12:51:00','캐나다 토론토','AirCanada',NULL,NULL,NOW(),'complete','1148209801','PYyyNb0DUZ2810@test.com',NULL),
      ('2022-01-02 08:44:00','캐나다 벤쿠버','AirCanada',NULL,NULL,NOW(),'complete','2308201019','PYyyNb0DUZ2810@test.com',NULL),
      ('2022-01-12 06:47:00','미국 존 F.케네디','Korair',NULL,NULL,NOW(),'complete','1148209801','PYyyNb0DUZ2810@test.com',NULL),
      ('2022-01-06 05:04:00','미국 워싱턴','Korair',NULL,NULL,NOW(),'complete','2308201019','PYyyNb0DUZ2810@test.com',NULL),
      ('2022-01-03 04:39:00','미국 워싱턴','AirCanada',NULL,NULL,NOW(),'complete','1148209801','PYyyNb0DUZ2810@test.com',NULL),
      ('2022-01-05 10:33:00','캐나다 토론토','Korair',NULL,NULL,NOW(),'complete','2308201019','PYyyNb0DUZ2810@test.com',NULL),
      ('2022-01-11 04:29:00','미국 존 F.케네디','AirCanada',NULL,NULL,NOW(),'complete','1148209801','PYyyNb0DUZ2810@test.com',NULL),
      ('2022-01-07 08:26:00','캐나다 벤쿠버','Korair',NULL,NULL,NOW(),'complete','2308201019','PYyyNb0DUZ2810@test.com',NULL),
      ('2022-01-15 10:08:00','캐나다 벤쿠버','AirCanada',NULL,NULL,NOW(),'complete','1148209801','zCDrNdDoGk3273@test.com',NULL),
      ('2022-01-27 06:02:00','미국 워싱턴','Korair',NULL,NULL,NOW(),'complete','2308201019','zCDrNdDoGk3273@test.com',NULL),
      ('2022-01-05 10:39:00','미국 워싱턴','Korair',NULL,NULL,NOW(),'complete','1148209801','zCDrNdDoGk3273@test.com',NULL),
      ('2022-01-12 12:25:00','캐나다 벤쿠버','Asiana',NULL,NULL,NOW(),'complete','2308201019','zCDrNdDoGk3273@test.com',NULL),
      ('2022-01-13 03:34:00','미국 워싱턴','Asiana',NULL,NULL,NOW(),'complete','1148209801','zCDrNdDoGk3273@test.com',NULL),
      ('2022-01-18 04:05:00','캐나다 토론토','Korair',NULL,NULL,NOW(),'complete','2308201019','zCDrNdDoGk3273@test.com',NULL),
      ('2022-01-15 05:05:00','미국 존 F.케네디','Asiana',NULL,NULL,NOW(),'complete','1148209801','zCDrNdDoGk3273@test.com',NULL),
      ('2022-01-13 12:34:00','캐나다 토론토','Korair',NULL,NULL,NOW(),'complete','2308201019','zCDrNdDoGk3273@test.com',NULL),
      ('2022-01-01 09:53:00','캐나다 토론토','Asiana',NULL,NULL,NOW(),'complete','1148209801','6mkNGA2lsA4070@test.com',NULL),
      ('2022-01-27 04:42:00','미국 워싱턴','AirCanada',NULL,NULL,NOW(),'complete','2308201019','6mkNGA2lsA4070@test.com',NULL),
      ('2022-01-06 08:05:00','캐나다 토론토','Korair',NULL,NULL,NOW(),'complete','1148209801','6mkNGA2lsA4070@test.com',NULL),
      ('2022-01-19 05:39:00','캐나다 토론토','Asiana',NULL,NULL,NOW(),'complete','2308201019','6mkNGA2lsA4070@test.com',NULL),
      ('2022-01-16 10:37:00','캐나다 벤쿠버','Korair',NULL,NULL,NOW(),'complete','1148209801','6mkNGA2lsA4070@test.com',NULL),
      ('2022-01-17 12:07:00','캐나다 토론토','Asiana',NULL,NULL,NOW(),'complete','2308201019','6mkNGA2lsA4070@test.com',NULL),
      ('2022-01-12 06:23:00','미국 워싱턴','Asiana',NULL,NULL,NOW(),'complete','1148209801','6mkNGA2lsA4070@test.com',NULL),
      ('2022-01-19 10:05:00','미국 존 F.케네디','Asiana',NULL,NULL,NOW(),'complete','2308201019','6mkNGA2lsA4070@test.com',NULL),
      ('2022-01-23 12:57:00','미국 존 F.케네디','AirCanada',NULL,NULL,NOW(),'complete','1148209801','fcHrhYqvzd2684@test.com',NULL),
      ('2022-01-12 01:29:00','캐나다 벤쿠버','Korair',NULL,NULL,NOW(),'complete','2308201019','fcHrhYqvzd2684@test.com',NULL),
      ('2022-01-02 08:19:00','캐나다 벤쿠버','Korair',NULL,NULL,NOW(),'complete','1148209801','fcHrhYqvzd2684@test.com',NULL),
      ('2022-01-24 07:22:00','캐나다 토론토','Asiana',NULL,NULL,NOW(),'complete','2308201019','fcHrhYqvzd2684@test.com',NULL),
      ('2022-01-20 12:17:00','캐나다 벤쿠버','Asiana',NULL,NULL,NOW(),'complete','1148209801','fcHrhYqvzd2684@test.com',NULL),
      ('2022-01-06 03:23:00','캐나다 토론토','Asiana',NULL,NULL,NOW(),'complete','2308201019','fcHrhYqvzd2684@test.com',NULL),
      ('2022-01-23 05:41:00','미국 워싱턴','AirCanada',NULL,NULL,NOW(),'complete','1148209801','fcHrhYqvzd2684@test.com',NULL),
      ('2022-01-01 01:59:00','미국 존 F.케네디','AirCanada',NULL,NULL,NOW(),'complete','2308201019','fcHrhYqvzd2684@test.com',NULL),
      ('2022-01-14 08:45:00','캐나다 벤쿠버','Korair',NULL,NULL,NOW(),'complete','1148209801','BiWNLKFA9C0072@test.com',NULL),
      ('2022-01-03 07:53:00','미국 워싱턴','Asiana',NULL,NULL,NOW(),'complete','2308201019','BiWNLKFA9C0072@test.com',NULL),
      ('2022-01-28 01:14:00','캐나다 벤쿠버','Korair',NULL,NULL,NOW(),'complete','1148209801','BiWNLKFA9C0072@test.com',NULL),
      ('2022-01-10 07:52:00','캐나다 토론토','AirCanada',NULL,NULL,NOW(),'complete','2308201019','BiWNLKFA9C0072@test.com',NULL),
      ('2022-01-07 06:49:00','캐나다 토론토','Korair',NULL,NULL,NOW(),'complete','1148209801','BiWNLKFA9C0072@test.com',NULL),
      ('2022-01-20 01:10:00','캐나다 벤쿠버','Asiana',NULL,NULL,NOW(),'complete','2308201019','BiWNLKFA9C0072@test.com',NULL),
      ('2022-01-19 03:22:00','캐나다 벤쿠버','Asiana',NULL,NULL,NOW(),'complete','1148209801','BiWNLKFA9C0072@test.com',NULL),
      ('2022-01-14 03:21:00','캐나다 토론토','Asiana',NULL,NULL,NOW(),'complete','2308201019','BiWNLKFA9C0072@test.com',NULL),
      ('2022-01-16 04:48:00','미국 워싱턴','Korair',NULL,NULL,NOW(),'complete','1148209801','cH0MEVtR8V0381@test.com',NULL),
      ('2022-01-11 03:39:00','캐나다 토론토','Asiana',NULL,NULL,NOW(),'complete','2308201019','cH0MEVtR8V0381@test.com',NULL),
      ('2022-01-03 05:31:00','캐나다 벤쿠버','Korair',NULL,NULL,NOW(),'complete','1148209801','cH0MEVtR8V0381@test.com',NULL),
      ('2022-01-27 02:39:00','캐나다 토론토','Asiana',NULL,NULL,NOW(),'complete','2308201019','cH0MEVtR8V0381@test.com',NULL),
      ('2022-01-26 06:45:00','미국 존 F.케네디','Asiana',NULL,NULL,NOW(),'complete','1148209801','cH0MEVtR8V0381@test.com',NULL),
      ('2022-01-14 02:28:00','미국 워싱턴','Asiana',NULL,NULL,NOW(),'complete','2308201019','cH0MEVtR8V0381@test.com',NULL),
      ('2022-01-02 03:19:00','미국 존 F.케네디','Korair',NULL,NULL,NOW(),'complete','1148209801','cH0MEVtR8V0381@test.com',NULL),
      ('2022-01-18 01:11:00','캐나다 벤쿠버','AirCanada',NULL,NULL,NOW(),'complete','2308201019','cH0MEVtR8V0381@test.com',NULL),
      ('2022-01-13 10:59:00','미국 워싱턴','AirCanada',NULL,NULL,NOW(),'complete','1148209801','lS58YgJSgl1230@test.com',NULL),
      ('2022-01-05 09:11:00','미국 워싱턴','AirCanada',NULL,NULL,NOW(),'complete','2308201019','lS58YgJSgl1230@test.com',NULL),
      ('2022-01-09 11:26:00','캐나다 토론토','Korair',NULL,NULL,NOW(),'complete','1148209801','lS58YgJSgl1230@test.com',NULL),
      ('2022-01-07 04:56:00','미국 워싱턴','Korair',NULL,NULL,NOW(),'complete','2308201019','lS58YgJSgl1230@test.com',NULL),
      ('2022-01-19 02:25:00','캐나다 벤쿠버','Asiana',NULL,NULL,NOW(),'complete','1148209801','lS58YgJSgl1230@test.com',NULL),
      ('2022-01-04 12:40:00','미국 워싱턴','AirCanada',NULL,NULL,NOW(),'complete','2308201019','lS58YgJSgl1230@test.com',NULL),
      ('2022-01-02 12:24:00','미국 존 F.케네디','Asiana',NULL,NULL,NOW(),'complete','1148209801','lS58YgJSgl1230@test.com',NULL),
      ('2022-01-07 03:20:00','미국 존 F.케네디','Korair',NULL,NULL,NOW(),'complete','2308201019','lS58YgJSgl1230@test.com',NULL),
      ('2022-01-14 05:20:00','캐나다 토론토','Asiana',NULL,NULL,NOW(),'complete','1148209801','y1JFLRjJSd1302@test.com',NULL),
      ('2022-01-18 10:09:00','미국 존 F.케네디','AirCanada',NULL,NULL,NOW(),'complete','2308201019','y1JFLRjJSd1302@test.com',NULL),
      ('2022-01-04 12:41:00','미국 존 F.케네디','AirCanada',NULL,NULL,NOW(),'complete','1148209801','y1JFLRjJSd1302@test.com',NULL),
      ('2022-01-19 05:36:00','캐나다 토론토','Asiana',NULL,NULL,NOW(),'complete','2308201019','y1JFLRjJSd1302@test.com',NULL),
      ('2022-01-13 08:02:00','캐나다 벤쿠버','Asiana',NULL,NULL,NOW(),'complete','1148209801','y1JFLRjJSd1302@test.com',NULL),
      ('2022-01-05 12:12:00','미국 존 F.케네디','AirCanada',NULL,NULL,NOW(),'complete','2308201019','y1JFLRjJSd1302@test.com',NULL),
      ('2022-01-03 07:40:00','캐나다 벤쿠버','AirCanada',NULL,NULL,NOW(),'complete','1148209801','y1JFLRjJSd1302@test.com',NULL),
      ('2022-01-27 09:50:00','미국 존 F.케네디','Korair',NULL,NULL,NOW(),'complete','2308201019','y1JFLRjJSd1302@test.com',NULL),
      ('2022-01-24 01:16:00','캐나다 토론토','Korair',NULL,NULL,NOW(),'complete','1148209801','10CYKdzrNh4635@test.com',NULL),
      ('2022-01-06 11:52:00','미국 워싱턴','Korair',NULL,NULL,NOW(),'complete','2308201019','10CYKdzrNh4635@test.com',NULL),
      ('2022-01-16 03:21:00','캐나다 토론토','Asiana',NULL,NULL,NOW(),'complete','1148209801','10CYKdzrNh4635@test.com',NULL),
      ('2022-01-17 03:15:00','캐나다 토론토','Korair',NULL,NULL,NOW(),'complete','2308201019','10CYKdzrNh4635@test.com',NULL),
      ('2022-01-01 10:29:00','캐나다 토론토','Asiana',NULL,NULL,NOW(),'complete','1148209801','10CYKdzrNh4635@test.com',NULL),
      ('2022-01-20 01:56:00','미국 워싱턴','AirCanada',NULL,NULL,NOW(),'complete','2308201019','10CYKdzrNh4635@test.com',NULL),
      ('2022-01-14 01:35:00','미국 존 F.케네디','Asiana',NULL,NULL,NOW(),'complete','1148209801','10CYKdzrNh4635@test.com',NULL),
      ('2022-01-24 11:28:00','미국 워싱턴','Asiana',NULL,NULL,NOW(),'complete','2308201019','10CYKdzrNh4635@test.com',NULL),
      ('2022-01-14 10:17:00','미국 워싱턴','Asiana',NULL,NULL,NOW(),'complete','1148209801','TS2aWG0TAy1688@test.com',NULL),
      ('2022-01-09 06:20:00','캐나다 토론토','Asiana',NULL,NULL,NOW(),'complete','2308201019','TS2aWG0TAy1688@test.com',NULL),
      ('2022-01-20 01:12:00','캐나다 벤쿠버','Asiana',NULL,NULL,NOW(),'complete','1148209801','TS2aWG0TAy1688@test.com',NULL),
      ('2022-01-13 09:22:00','캐나다 토론토','Korair',NULL,NULL,NOW(),'complete','2308201019','TS2aWG0TAy1688@test.com',NULL),
      ('2022-01-24 11:10:00','캐나다 토론토','Korair',NULL,NULL,NOW(),'complete','1148209801','TS2aWG0TAy1688@test.com',NULL),
      ('2022-01-22 02:05:00','캐나다 토론토','Korair',NULL,NULL,NOW(),'complete','2308201019','TS2aWG0TAy1688@test.com',NULL),
      ('2022-01-17 07:34:00','캐나다 토론토','AirCanada',NULL,NULL,NOW(),'complete','1148209801','TS2aWG0TAy1688@test.com',NULL),
      ('2022-01-01 07:47:00','미국 워싱턴','Asiana',NULL,NULL,NOW(),'complete','2308201019','TS2aWG0TAy1688@test.com',NULL),
      ('2022-01-12 04:47:00','미국 존 F.케네디','Korair',NULL,NULL,NOW(),'complete','1148209801','6Kmw7rZb7S5753@test.com',NULL),
      ('2022-01-27 01:56:00','캐나다 벤쿠버','Korair',NULL,NULL,NOW(),'complete','2308201019','6Kmw7rZb7S5753@test.com',NULL),
      ('2022-01-14 12:48:00','미국 워싱턴','Asiana',NULL,NULL,NOW(),'complete','1148209801','6Kmw7rZb7S5753@test.com',NULL),
      ('2022-01-02 12:17:00','캐나다 토론토','Korair',NULL,NULL,NOW(),'complete','2308201019','6Kmw7rZb7S5753@test.com',NULL),
      ('2022-01-24 02:22:00','캐나다 벤쿠버','AirCanada',NULL,NULL,NOW(),'complete','1148209801','6Kmw7rZb7S5753@test.com',NULL),
      ('2022-01-18 02:00:00','미국 존 F.케네디','AirCanada',NULL,NULL,NOW(),'complete','2308201019','6Kmw7rZb7S5753@test.com',NULL),
      ('2022-01-28 12:22:00','캐나다 토론토','Korair',NULL,NULL,NOW(),'complete','1148209801','6Kmw7rZb7S5753@test.com',NULL),
      ('2022-01-06 12:23:00','캐나다 벤쿠버','AirCanada',NULL,NULL,NOW(),'complete','2308201019','6Kmw7rZb7S5753@test.com',NULL),
      ('2022-01-02 01:28:00','캐나다 토론토','Asiana',NULL,NULL,NOW(),'complete','1148209801','5cs0Jqeqkc3817@test.com',NULL),
      ('2022-01-04 08:07:00','미국 존 F.케네디','Korair',NULL,NULL,NOW(),'complete','2308201019','5cs0Jqeqkc3817@test.com',NULL),
      ('2022-01-13 07:14:00','미국 존 F.케네디','Korair',NULL,NULL,NOW(),'complete','1148209801','5cs0Jqeqkc3817@test.com',NULL),
      ('2022-01-18 12:04:00','미국 워싱턴','Korair',NULL,NULL,NOW(),'complete','2308201019','5cs0Jqeqkc3817@test.com',NULL),
      ('2022-01-03 10:56:00','미국 존 F.케네디','AirCanada',NULL,NULL,NOW(),'complete','1148209801','5cs0Jqeqkc3817@test.com',NULL),
      ('2022-01-27 01:14:00','캐나다 토론토','Korair',NULL,NULL,NOW(),'complete','2308201019','5cs0Jqeqkc3817@test.com',NULL),
      ('2022-01-27 06:16:00','미국 워싱턴','Asiana',NULL,NULL,NOW(),'complete','1148209801','5cs0Jqeqkc3817@test.com',NULL),
      ('2022-01-02 04:29:00','캐나다 벤쿠버','Asiana',NULL,NULL,NOW(),'complete','2308201019','5cs0Jqeqkc3817@test.com',NULL),
      ('2022-01-20 07:19:00','미국 존 F.케네디','Korair',NULL,NULL,NOW(),'complete','1148209801','mgopnC6d1q8881@test.com',NULL),
      ('2022-01-16 10:43:00','미국 존 F.케네디','Korair',NULL,NULL,NOW(),'complete','2308201019','mgopnC6d1q8881@test.com',NULL),
      ('2022-01-23 01:14:00','캐나다 토론토','AirCanada',NULL,NULL,NOW(),'complete','1148209801','mgopnC6d1q8881@test.com',NULL),
      ('2022-01-16 08:10:00','캐나다 토론토','Asiana',NULL,NULL,NOW(),'complete','2308201019','mgopnC6d1q8881@test.com',NULL),
      ('2022-01-05 03:22:00','미국 워싱턴','AirCanada',NULL,NULL,NOW(),'complete','1148209801','mgopnC6d1q8881@test.com',NULL),
      ('2022-01-19 04:28:00','캐나다 토론토','Asiana',NULL,NULL,NOW(),'complete','2308201019','mgopnC6d1q8881@test.com',NULL),
      ('2022-01-28 04:07:00','캐나다 벤쿠버','Korair',NULL,NULL,NOW(),'complete','1148209801','mgopnC6d1q8881@test.com',NULL),
      ('2022-01-25 05:05:00','미국 워싱턴','Korair',NULL,NULL,NOW(),'complete','2308201019','mgopnC6d1q8881@test.com',NULL),
      ('2022-01-23 09:19:00','미국 워싱턴','Korair',NULL,NULL,NOW(),'complete','1148209801','T27atv8hAR3334@test.com',NULL),
      ('2022-01-04 11:40:00','캐나다 토론토','Korair',NULL,NULL,NOW(),'complete','2308201019','T27atv8hAR3334@test.com',NULL),
      ('2022-01-03 01:12:00','미국 존 F.케네디','Korair',NULL,NULL,NOW(),'complete','1148209801','T27atv8hAR3334@test.com',NULL),
      ('2022-01-19 12:24:00','미국 워싱턴','Korair',NULL,NULL,NOW(),'complete','2308201019','T27atv8hAR3334@test.com',NULL),
      ('2022-01-17 08:34:00','미국 존 F.케네디','Asiana',NULL,NULL,NOW(),'complete','1148209801','T27atv8hAR3334@test.com',NULL),
      ('2022-01-26 03:31:00','미국 존 F.케네디','Korair',NULL,NULL,NOW(),'complete','2308201019','T27atv8hAR3334@test.com',NULL),
      ('2022-01-09 10:38:00','미국 존 F.케네디','AirCanada',NULL,NULL,NOW(),'complete','1148209801','T27atv8hAR3334@test.com',NULL),
      ('2022-01-26 08:10:00','미국 워싱턴','Korair',NULL,NULL,NOW(),'complete','2308201019','T27atv8hAR3334@test.com',NULL),
      ('2022-01-02 01:26:00','미국 존 F.케네디','Korair',NULL,NULL,NOW(),'complete','1148209801','LNx1yvVT8u5803@test.com',NULL),
      ('2022-01-13 08:08:00','미국 존 F.케네디','Korair',NULL,NULL,NOW(),'complete','2308201019','LNx1yvVT8u5803@test.com',NULL),
      ('2022-01-23 09:28:00','미국 워싱턴','Korair',NULL,NULL,NOW(),'complete','1148209801','LNx1yvVT8u5803@test.com',NULL),
      ('2022-01-10 01:50:00','캐나다 벤쿠버','Korair',NULL,NULL,NOW(),'complete','2308201019','LNx1yvVT8u5803@test.com',NULL),
      ('2022-01-15 09:51:00','캐나다 토론토','Korair',NULL,NULL,NOW(),'complete','1148209801','LNx1yvVT8u5803@test.com',NULL),
      ('2022-01-20 07:19:00','미국 존 F.케네디','Korair',NULL,NULL,NOW(),'complete','2308201019','LNx1yvVT8u5803@test.com',NULL),
      ('2022-01-09 07:27:00','캐나다 토론토','Asiana',NULL,NULL,NOW(),'complete','1148209801','LNx1yvVT8u5803@test.com',NULL),
      ('2022-01-13 10:47:00','캐나다 토론토','Asiana',NULL,NULL,NOW(),'complete','2308201019','LNx1yvVT8u5803@test.com',NULL),
      ('2022-01-12 06:14:00','미국 존 F.케네디','Korair',NULL,NULL,NOW(),'complete','1148209801','mA3JRKAavd4021@test.com',NULL),
      ('2022-01-01 09:33:00','미국 존 F.케네디','Asiana',NULL,NULL,NOW(),'complete','2308201019','mA3JRKAavd4021@test.com',NULL),
      ('2022-01-09 05:22:00','캐나다 토론토','AirCanada',NULL,NULL,NOW(),'complete','1148209801','mA3JRKAavd4021@test.com',NULL),
      ('2022-01-01 06:29:00','미국 워싱턴','Korair',NULL,NULL,NOW(),'complete','2308201019','mA3JRKAavd4021@test.com',NULL),
      ('2022-01-09 03:49:00','캐나다 벤쿠버','Asiana',NULL,NULL,NOW(),'complete','1148209801','mA3JRKAavd4021@test.com',NULL),
      ('2022-01-21 03:31:00','캐나다 벤쿠버','AirCanada',NULL,NULL,NOW(),'complete','2308201019','mA3JRKAavd4021@test.com',NULL),
      ('2022-01-25 12:56:00','캐나다 벤쿠버','AirCanada',NULL,NULL,NOW(),'complete','1148209801','mA3JRKAavd4021@test.com',NULL),
      ('2022-01-08 07:48:00','미국 워싱턴','Asiana',NULL,NULL,NOW(),'complete','2308201019','mA3JRKAavd4021@test.com',NULL),
      ('2022-01-04 08:28:00','캐나다 토론토','Korair',NULL,NULL,NOW(),'complete','1148209801','tyY0bwa7Ze1240@test.com',NULL),
      ('2022-01-25 09:00:00','미국 워싱턴','AirCanada',NULL,NULL,NOW(),'complete','2308201019','tyY0bwa7Ze1240@test.com',NULL),
      ('2022-01-06 12:30:00','미국 워싱턴','AirCanada',NULL,NULL,NOW(),'complete','1148209801','tyY0bwa7Ze1240@test.com',NULL),
      ('2022-01-08 01:53:00','캐나다 토론토','Asiana',NULL,NULL,NOW(),'complete','2308201019','tyY0bwa7Ze1240@test.com',NULL),
      ('2022-01-25 10:30:00','미국 존 F.케네디','Korair',NULL,NULL,NOW(),'complete','1148209801','tyY0bwa7Ze1240@test.com',NULL),
      ('2022-01-15 11:23:00','캐나다 토론토','AirCanada',NULL,NULL,NOW(),'complete','2308201019','tyY0bwa7Ze1240@test.com',NULL),
      ('2022-01-09 09:45:00','캐나다 벤쿠버','Korair',NULL,NULL,NOW(),'complete','1148209801','tyY0bwa7Ze1240@test.com',NULL),
      ('2022-01-28 05:00:00','미국 존 F.케네디','Korair',NULL,NULL,NOW(),'complete','2308201019','tyY0bwa7Ze1240@test.com',NULL),
      ('2022-01-11 05:25:00','캐나다 벤쿠버','AirCanada',NULL,NULL,NOW(),'complete','1148209801','ekeQByBEcV5328@test.com',NULL),
      ('2022-01-04 02:45:00','미국 워싱턴','Korair',NULL,NULL,NOW(),'complete','2308201019','ekeQByBEcV5328@test.com',NULL),
      ('2022-01-13 11:02:00','미국 존 F.케네디','AirCanada',NULL,NULL,NOW(),'complete','1148209801','ekeQByBEcV5328@test.com',NULL),
      ('2022-01-08 09:08:00','캐나다 벤쿠버','Korair',NULL,NULL,NOW(),'complete','2308201019','ekeQByBEcV5328@test.com',NULL),
      ('2022-01-23 07:39:00','미국 존 F.케네디','AirCanada',NULL,NULL,NOW(),'complete','1148209801','ekeQByBEcV5328@test.com',NULL),
      ('2022-01-14 02:49:00','캐나다 벤쿠버','AirCanada',NULL,NULL,NOW(),'complete','2308201019','ekeQByBEcV5328@test.com',NULL),
      ('2022-01-09 02:33:00','캐나다 벤쿠버','Asiana',NULL,NULL,NOW(),'complete','1148209801','ekeQByBEcV5328@test.com',NULL),
      ('2022-01-11 07:40:00','캐나다 벤쿠버','AirCanada',NULL,NULL,NOW(),'complete','2308201019','ekeQByBEcV5328@test.com',NULL),
      ('2022-01-24 05:38:00','캐나다 토론토','Korair',NULL,NULL,NOW(),'complete','1148209801','OC6ZNcnrGf3055@test.com',NULL),
      ('2022-01-11 01:09:00','캐나다 토론토','Korair',NULL,NULL,NOW(),'complete','2308201019','OC6ZNcnrGf3055@test.com',NULL),
      ('2022-01-20 06:37:00','캐나다 토론토','Asiana',NULL,NULL,NOW(),'complete','1148209801','OC6ZNcnrGf3055@test.com',NULL),
      ('2022-01-20 08:46:00','미국 존 F.케네디','Korair',NULL,NULL,NOW(),'complete','2308201019','OC6ZNcnrGf3055@test.com',NULL),
      ('2022-01-27 09:03:00','미국 존 F.케네디','Korair',NULL,NULL,NOW(),'complete','1148209801','OC6ZNcnrGf3055@test.com',NULL),
      ('2022-01-19 03:49:00','미국 워싱턴','AirCanada',NULL,NULL,NOW(),'complete','2308201019','OC6ZNcnrGf3055@test.com',NULL),
      ('2022-01-23 12:27:00','미국 워싱턴','AirCanada',NULL,NULL,NOW(),'complete','1148209801','OC6ZNcnrGf3055@test.com',NULL),
      ('2022-01-08 05:25:00','캐나다 토론토','Korair',NULL,NULL,NOW(),'complete','2308201019','OC6ZNcnrGf3055@test.com',NULL),
      ('2022-01-02 02:41:00','미국 존 F.케네디','Korair',NULL,NULL,NOW(),'complete','1148209801','h5Ll3cFwZz2612@test.com',NULL),
      ('2022-01-01 05:05:00','캐나다 벤쿠버','AirCanada',NULL,NULL,NOW(),'complete','2308201019','h5Ll3cFwZz2612@test.com',NULL),
      ('2022-01-03 05:55:00','캐나다 벤쿠버','Asiana',NULL,NULL,NOW(),'complete','1148209801','h5Ll3cFwZz2612@test.com',NULL),
      ('2022-01-07 09:29:00','캐나다 토론토','AirCanada',NULL,NULL,NOW(),'complete','2308201019','h5Ll3cFwZz2612@test.com',NULL),
      ('2022-01-12 04:28:00','미국 존 F.케네디','AirCanada',NULL,NULL,NOW(),'complete','1148209801','h5Ll3cFwZz2612@test.com',NULL),
      ('2022-01-21 01:54:00','미국 존 F.케네디','Asiana',NULL,NULL,NOW(),'complete','2308201019','h5Ll3cFwZz2612@test.com',NULL),
      ('2022-01-12 06:10:00','미국 워싱턴','Korair',NULL,NULL,NOW(),'complete','1148209801','h5Ll3cFwZz2612@test.com',NULL),
      ('2022-01-15 09:44:00','미국 존 F.케네디','AirCanada',NULL,NULL,NOW(),'complete','2308201019','h5Ll3cFwZz2612@test.com',NULL),
      ('2022-01-17 07:49:00','캐나다 토론토','Asiana',NULL,NULL,NOW(),'complete','1148209801','JU86sbbmOw6565@test.com',NULL),
      ('2022-01-02 05:36:00','미국 워싱턴','AirCanada',NULL,NULL,NOW(),'complete','2308201019','JU86sbbmOw6565@test.com',NULL),
      ('2022-01-07 12:18:00','미국 존 F.케네디','Asiana',NULL,NULL,NOW(),'complete','1148209801','JU86sbbmOw6565@test.com',NULL),
      ('2022-01-24 11:56:00','미국 워싱턴','Korair',NULL,NULL,NOW(),'complete','2308201019','JU86sbbmOw6565@test.com',NULL),
      ('2022-01-21 11:13:00','캐나다 벤쿠버','Asiana',NULL,NULL,NOW(),'complete','1148209801','JU86sbbmOw6565@test.com',NULL),
      ('2022-01-19 09:58:00','캐나다 토론토','Asiana',NULL,NULL,NOW(),'complete','2308201019','JU86sbbmOw6565@test.com',NULL),
      ('2022-01-01 01:40:00','미국 워싱턴','Asiana',NULL,NULL,NOW(),'complete','1148209801','JU86sbbmOw6565@test.com',NULL),
      ('2022-01-08 02:49:00','미국 존 F.케네디','AirCanada',NULL,NULL,NOW(),'complete','2308201019','JU86sbbmOw6565@test.com',NULL),
      ('2022-01-25 07:41:00','미국 존 F.케네디','AirCanada',NULL,NULL,NOW(),'complete','1148209801','4S4bxjgPwL3580@test.com',NULL),
      ('2022-01-18 07:36:00','미국 존 F.케네디','Korair',NULL,NULL,NOW(),'complete','2308201019','4S4bxjgPwL3580@test.com',NULL),
      ('2022-01-06 03:11:00','캐나다 벤쿠버','Asiana',NULL,NULL,NOW(),'complete','1148209801','4S4bxjgPwL3580@test.com',NULL),
      ('2022-01-25 06:53:00','캐나다 토론토','Korair',NULL,NULL,NOW(),'complete','2308201019','4S4bxjgPwL3580@test.com',NULL),
      ('2022-01-07 08:00:00','캐나다 토론토','Korair',NULL,NULL,NOW(),'complete','1148209801','4S4bxjgPwL3580@test.com',NULL),
      ('2022-01-18 01:39:00','미국 존 F.케네디','Asiana',NULL,NULL,NOW(),'complete','2308201019','4S4bxjgPwL3580@test.com',NULL),
      ('2022-01-27 11:08:00','캐나다 토론토','AirCanada',NULL,NULL,NOW(),'complete','1148209801','4S4bxjgPwL3580@test.com',NULL),
      ('2022-01-03 03:48:00','미국 워싱턴','Korair',NULL,NULL,NOW(),'complete','2308201019','4S4bxjgPwL3580@test.com',NULL);